QUERY_HASH|OPERATOR_HASH|LEFT_INPUT_OPERATOR_HASH|RIGHT_INPUT_OPERATOR_HASH|COLUMN_TYPE|TABLE_NAME|COLUMN_NAME|SCANS_SKIPPED|SCANS_SORTED|INPUT_CHUNK_COUNT|INPUT_ROW_COUNT|OUTPUT_CHUNK_COUNT|OUTPUT_ROW_COUNT|RUNTIME_NS|DESCRIPTION
"2f68c8df87906c39"|"0x7f984d1964106a059df8912f6afb"|"0x7f984d1963303c9dfa84cbf4d97b"|"NULL"|"REFERENCE"|"date_dim"|"d_moy"|0|0|1|366|1|30|16993|"TableScan Impl: ColumnVsValue d_moy = 11"
"2f68c8df87906c39"|"0x7f984d1963303c9dfa84cbf4d97b"|"0x7f984d19617019cb0c858d2d2581"|"NULL"|"DATA"|"date_dim"|"d_year"|0|0|1|65535|1|366|87808|"TableScan Impl: ColumnVsValue d_year = 2000"
"2f68c8df87906c39"|"0x7f984d1966b0b826ad9a72e8454b"|"0x7f984d1965d015fd32f39a7e4695"|"NULL"|"DATA"|"item"|"i_manager_id"|0|0|1|18000|1|321|30987|"TableScan Impl: ColumnVsValue i_manager_id = 1"
"2b7e6ed9df8e2f99"|"0x7f984d4d1b505c046cf1a515ee67"|"0x7f984dd58510d819d60d5845dbfc"|"NULL"|"REFERENCE"|"date_dim"|"COUNT(*)"|0|0|1|1095|1|71|19835|"TableScan Impl: ColumnBetween COUNT(*) BETWEEN INCLUSIVE 1 AND 5"
"2b7e6ed9df8e2f99"|"0x7f984d4d145092c6d770535fe6ac"|"0x7f985004d31079ae1e94e35d17bf"|"NULL"|"REFERENCE"|"date_dim"|"d_dom"|0|0|3|1096|3|72|36076|"TableScan Impl: ColumnBetween d_dom BETWEEN INCLUSIVE 1 AND 2"
"2b7e6ed9df8e2f99"|"0x7f984d4d18b041f51bac5cc205e4"|"0x7f984d7f8a5070778bb9dfb296e7"|"NULL"|"DATA"|"date_dim"|"d_year"|1|0|2|73049|1|365|84812|"TableScan Impl: ColumnVsValue d_year = 2001"
"2b7e6ed9df8e2f99"|"0x7f984d4d1990e25aa7c71d88e98"|"0x7f984d7f8a5070778bb9dfb296e7"|"NULL"|"DATA"|"date_dim"|"d_year"|1|0|2|73049|1|366|82850|"TableScan Impl: ColumnVsValue d_year = 2000"
"2b7e6ed9df8e2f99"|"0x7f984d4d1370913df75c7113c841"|"0x7f984d7f8a5070778bb9dfb296e7"|"NULL"|"DATA"|"date_dim"|"d_year"|1|0|2|73049|1|365|73032|"TableScan Impl: ColumnVsValue d_year = 1999"
"2b7e6ed9df8e2f99"|"0x7f984d4d10d01129c4a5dc274e7b"|"0x7f984d6728102f64bca08bb2dbc"|"NULL"|"REFERENCE"|"store"|"s_county"|0|0|1|12|1|12|41340|"TableScan Impl: ExpressionEvaluator (s_county) IN ('Orange County', 'Bronx County', 'Franklin Parish', 'Williamson County')"
"2b7e6ed9df8e2f99"|"0x7f984d4d0810a6b226fb8a37d0c7"|"0x7f984d4cedd03105eac7ea311fc4"|"NULL"|"REFERENCE"|"household_demographics"|"hd_vehicle_count"|0|0|1|1600|1|800|116363|"TableScan Impl: ExpressionEvaluator CASE WHEN hd_vehicle_count > 0 THEN hd_dep_count / hd_vehicle_count ELSE NULL END > 1"
"2b7e6ed9df8e2f99"|"0x7f984d4d0810a6b226fb8a37d0c7"|"0x7f984d4cedd03105eac7ea311fc4"|"NULL"|"REFERENCE"|"household_demographics"|"hd_dep_count"|0|0|1|1600|1|800|116363|"TableScan Impl: ExpressionEvaluator CASE WHEN hd_vehicle_count > 0 THEN hd_dep_count / hd_vehicle_count ELSE NULL END > 1"
"2b7e6ed9df8e2f99"|"0x7f984d4d0810a6b226fb8a37d0c7"|"0x7f984d4cedd03105eac7ea311fc4"|"NULL"|"REFERENCE"|"household_demographics"|"hd_vehicle_count"|0|0|1|1600|1|800|116363|"TableScan Impl: ExpressionEvaluator CASE WHEN hd_vehicle_count > 0 THEN hd_dep_count / hd_vehicle_count ELSE NULL END > 1"
"2b7e6ed9df8e2f99"|"0x7f984d4d0c70e36304787421edd4"|"0x7f984d6727702c5c3a56ae2e26c3"|"NULL"|"REFERENCE"|"household_demographics"|"hd_buy_potential"|0|0|1|4800|1|800|24859|"TableScan Impl: ColumnVsValue hd_buy_potential = 'Unknown'"
"2b7e6ed9df8e2f99"|"0x7f984d4d0b90255b84e722eae209"|"0x7f984d4d0f10a78c09f4bc2b3472"|"NULL"|"DATA"|"household_demographics"|"hd_vehicle_count"|0|0|1|7200|1|4800|36127|"TableScan Impl: ColumnVsValue hd_vehicle_count > 0"
"2b7e6ed9df8e2f99"|"0x7f984d4d01102fb41d507886ba2a"|"0x7f984d6727702c5c3a56ae2e26c3"|"NULL"|"REFERENCE"|"household_demographics"|"hd_buy_potential"|0|0|1|4800|1|800|19051|"TableScan Impl: ColumnVsValue hd_buy_potential = '>10000'"
"c472acfef2176cba"|"0x7f984cf5621020ca3f6bb4ee2500"|"0x7f984cf561308fcce6fb2600695c"|"NULL"|"REFERENCE"|"warehouse"|"w_warehouse_sk"|0|0|1|1099|1|243|100403|"TableScan Impl: ColumnVsColumn w_warehouse_sk = w_warehouse_sk"
"c472acfef2176cba"|"0x7f984cf5621020ca3f6bb4ee2500"|"0x7f984cf561308fcce6fb2600695c"|"NULL"|"REFERENCE"|"warehouse"|"w_warehouse_sk"|0|0|1|1099|1|243|100403|"TableScan Impl: ColumnVsColumn w_warehouse_sk = w_warehouse_sk"
"c472acfef2176cba"|"0x7f984cf5595018accc97c244527d"|"0x7f984ceef09034daae6de0c08631"|"NULL"|"REFERENCE"|"inventory"|"inv_quantity_on_hand"|0|0|1|45000|1|3080|1083781|"TableScan Impl: ExpressionEvaluator CASE WHEN AVG(inv_quantity_on_hand) = 0 THEN 0 ELSE STDDEV_SAMP(inv_quantity_on_hand) / AVG(inv_quantity_on_hand) END > 1"
"c472acfef2176cba"|"0x7f984cf5595018accc97c244527d"|"0x7f984ceef09034daae6de0c08631"|"NULL"|"REFERENCE"|"inventory"|"inv_quantity_on_hand"|0|0|1|45000|1|3080|1083781|"TableScan Impl: ExpressionEvaluator CASE WHEN AVG(inv_quantity_on_hand) = 0 THEN 0 ELSE STDDEV_SAMP(inv_quantity_on_hand) / AVG(inv_quantity_on_hand) END > 1"
"c472acfef2176cba"|"0x7f984cf5595018accc97c244527d"|"0x7f984ceef09034daae6de0c08631"|"NULL"|"REFERENCE"|"inventory"|"inv_quantity_on_hand"|0|0|1|45000|1|3080|1083781|"TableScan Impl: ExpressionEvaluator CASE WHEN AVG(inv_quantity_on_hand) = 0 THEN 0 ELSE STDDEV_SAMP(inv_quantity_on_hand) / AVG(inv_quantity_on_hand) END > 1"
"c472acfef2176cba"|"0x7f984cf55330ca455782a85584ac"|"0x7f984cf55250bd79848fa42dca44"|"NULL"|"REFERENCE"|"date_dim"|"d_moy"|0|0|1|365|1|31|13033|"TableScan Impl: ColumnVsValue d_moy = 1"
"c472acfef2176cba"|"0x7f984cf55250bd79848fa42dca44"|"0x7f984cf5517019cb0c858d2d2581"|"NULL"|"DATA"|"date_dim"|"d_year"|0|0|1|65535|1|365|107759|"TableScan Impl: ColumnVsValue d_year = 2001"
"c472acfef2176cba"|"0x7f984cf55f70230a38ee8a797545"|"0x7f984ceed51045785eac702b57d7"|"NULL"|"REFERENCE"|"inventory"|"inv_quantity_on_hand"|0|0|1|45000|1|3170|1173258|"TableScan Impl: ExpressionEvaluator CASE WHEN AVG(inv_quantity_on_hand) = 0 THEN 0 ELSE STDDEV_SAMP(inv_quantity_on_hand) / AVG(inv_quantity_on_hand) END > 1"
"c472acfef2176cba"|"0x7f984cf55f70230a38ee8a797545"|"0x7f984ceed51045785eac702b57d7"|"NULL"|"REFERENCE"|"inventory"|"inv_quantity_on_hand"|0|0|1|45000|1|3170|1173258|"TableScan Impl: ExpressionEvaluator CASE WHEN AVG(inv_quantity_on_hand) = 0 THEN 0 ELSE STDDEV_SAMP(inv_quantity_on_hand) / AVG(inv_quantity_on_hand) END > 1"
"c472acfef2176cba"|"0x7f984cf55f70230a38ee8a797545"|"0x7f984ceed51045785eac702b57d7"|"NULL"|"REFERENCE"|"inventory"|"inv_quantity_on_hand"|0|0|1|45000|1|3170|1173258|"TableScan Impl: ExpressionEvaluator CASE WHEN AVG(inv_quantity_on_hand) = 0 THEN 0 ELSE STDDEV_SAMP(inv_quantity_on_hand) / AVG(inv_quantity_on_hand) END > 1"
"c472acfef2176cba"|"0x7f984cf55b10d334fe3040795809"|"0x7f984cf55250bd79848fa42dca44"|"NULL"|"REFERENCE"|"date_dim"|"d_moy"|0|0|1|365|1|28|24298|"TableScan Impl: ColumnVsValue d_moy = 2"
"ac2f9c4228030d9d"|"0x7f9850ac5190a40fff7f3a166528"|"0x7f984d196db0da1e19d59968ce9d"|"NULL"|"DATA"|"date_dim"|"d_year"|1|0|2|73049|1|366|80928|"TableScan Impl: ColumnVsValue d_year = 2000"
"ac2f9c4228030d9d"|"0x7f984d196cd052b378e3676261b2"|"0x7f984d24caf08228a877767dc1bd"|"NULL"|"REFERENCE"|"store"|"s_gmt_offset"|0|0|1|12|1|12|31701|"TableScan Impl: ColumnVsValue s_gmt_offset = -5"
"43e0ae6c5f21fc66"|"0x7f984cefe690b865e7bebc8518b0"|"0x7f984cd42a1079d220f4d9de06c0"|"NULL"|"REFERENCE"|"customer"|"COUNT(*)"|0|0|1|51|1|45|44419|"TableScan Impl: ColumnVsValue COUNT(*) >= 10"
"43e0ae6c5f21fc66"|"0x7f984ceff2d0ca455782a85584ac"|"0x7f984ceff1f0bd79848fa42dca44"|"NULL"|"REFERENCE"|"date_dim"|"d_moy"|0|0|1|365|1|31|9159|"TableScan Impl: ColumnVsValue d_moy = 1"
"43e0ae6c5f21fc66"|"0x7f984ceff1f0bd79848fa42dca44"|"0x7f984ceff11019cb0c858d2d2581"|"NULL"|"DATA"|"date_dim"|"d_year"|0|0|1|65535|1|365|79090|"TableScan Impl: ColumnVsValue d_year = 2001"
"f2542843ada8b55c"|"0x7f984d1938503b7eafee1cfe2e46"|"0x7f984d193770a4e841e3d4ba87"|"NULL"|"REFERENCE"|"date_dim"|"d_qoy"|0|0|1|365|1|274|31942|"TableScan Impl: ColumnVsValue d_qoy < 4"
"f2542843ada8b55c"|"0x7f984d193770a4e841e3d4ba87"|"0x7f984d193bd0da1e19d59968ce9d"|"NULL"|"DATA"|"date_dim"|"d_year"|1|0|2|73049|1|365|118930|"TableScan Impl: ColumnVsValue d_year = 2002"
"1f3f852eeffeb3fb"|"0x7f984cf531f05d454073ddd467e5"|"0x7f984cef17505bc3a4b9a58b0c0b"|"NULL"|"REFERENCE"|"date_dim"|"COUNT(*)"|0|0|1|3896|1|350|53325|"TableScan Impl: ColumnBetween COUNT(*) BETWEEN INCLUSIVE 15 AND 20"
"1f3f852eeffeb3fb"|"0x7f984cf54370b8eede0bf93ae609"|"0x7f984d244f103505cb2d5258b8c4"|"NULL"|"REFERENCE"|"date_dim"|"d_dom"|0|0|3|1096|3|108|39063|"TableScan Impl: ColumnBetween d_dom BETWEEN INCLUSIVE 1 AND 3"
"1f3f852eeffeb3fb"|"0x7f984cf5461041f51bac5cc205e4"|"0x7f984cf5453070778bb9dfb296e7"|"NULL"|"DATA"|"date_dim"|"d_year"|1|0|2|73049|1|365|111930|"TableScan Impl: ColumnVsValue d_year = 2001"
"1f3f852eeffeb3fb"|"0x7f984cf546f0e25aa7c71d88e98"|"0x7f984cf5453070778bb9dfb296e7"|"NULL"|"DATA"|"date_dim"|"d_year"|1|0|2|73049|1|366|81922|"TableScan Impl: ColumnVsValue d_year = 2000"
"1f3f852eeffeb3fb"|"0x7f984cf53d50913df75c7113c841"|"0x7f984cf5453070778bb9dfb296e7"|"NULL"|"DATA"|"date_dim"|"d_year"|1|0|2|73049|1|365|73970|"TableScan Impl: ColumnVsValue d_year = 1999"
"1f3f852eeffeb3fb"|"0x7f984cf53b909dfaebdfa2203699"|"0x7f984d244f103505cb2d5258b8c4"|"NULL"|"REFERENCE"|"date_dim"|"d_dom"|0|0|3|1096|3|144|29928|"TableScan Impl: ColumnBetween d_dom BETWEEN INCLUSIVE 25 AND 28"
"1f3f852eeffeb3fb"|"0x7f984cf52bd0e8f9bb8d31ea25d6"|"0x7f984cf52af03b69ee56fcecce2d"|"NULL"|"REFERENCE"|"household_demographics"|"hd_vehicle_count"|0|0|1|1600|1|800|158872|"TableScan Impl: ExpressionEvaluator CASE WHEN hd_vehicle_count > 0 THEN hd_dep_count / hd_vehicle_count ELSE NULL END > 1.2"
"1f3f852eeffeb3fb"|"0x7f984cf52bd0e8f9bb8d31ea25d6"|"0x7f984cf52af03b69ee56fcecce2d"|"NULL"|"REFERENCE"|"household_demographics"|"hd_dep_count"|0|0|1|1600|1|800|158872|"TableScan Impl: ExpressionEvaluator CASE WHEN hd_vehicle_count > 0 THEN hd_dep_count / hd_vehicle_count ELSE NULL END > 1.2"
"1f3f852eeffeb3fb"|"0x7f984cf52bd0e8f9bb8d31ea25d6"|"0x7f984cf52af03b69ee56fcecce2d"|"NULL"|"REFERENCE"|"household_demographics"|"hd_vehicle_count"|0|0|1|1600|1|800|158872|"TableScan Impl: ExpressionEvaluator CASE WHEN hd_vehicle_count > 0 THEN hd_dep_count / hd_vehicle_count ELSE NULL END > 1.2"
"1f3f852eeffeb3fb"|"0x7f984cf529302fb41d507886ba2a"|"0x7f984d244e702c5c3a56ae2e26c3"|"NULL"|"REFERENCE"|"household_demographics"|"hd_buy_potential"|0|0|1|4800|1|800|25882|"TableScan Impl: ColumnVsValue hd_buy_potential = '>10000'"
"1f3f852eeffeb3fb"|"0x7f984cf52850255b84e722eae209"|"0x7f984cf53ab0a78c09f4bc2b3472"|"NULL"|"DATA"|"household_demographics"|"hd_vehicle_count"|0|0|1|7200|1|4800|39506|"TableScan Impl: ColumnVsValue hd_vehicle_count > 0"
"1f3f852eeffeb3fb"|"0x7f984cf52a10e36304787421edd4"|"0x7f984d244e702c5c3a56ae2e26c3"|"NULL"|"REFERENCE"|"household_demographics"|"hd_buy_potential"|0|0|1|4800|1|800|18090|"TableScan Impl: ColumnVsValue hd_buy_potential = 'Unknown'"
"1f3f852eeffeb3fb"|"0x7f984cf52f50721128cea71fe045"|"0x7f984d244d302f64bca08bb2dbc"|"NULL"|"REFERENCE"|"store"|"s_county"|0|0|1|12|1|12|22040|"TableScan Impl: ColumnVsValue s_county = 'Williamson County'"
"b3cb9453eb547241"|"0x7f984cf50550800b862821843f73"|"0x7f984cf504702588f021817485f6"|"NULL"|"REFERENCE"|"web_sales"|"ws_ext_sales_price"|0|0|1|181|1|51|54351|"TableScan Impl: ExpressionEvaluator CASE WHEN SUM(ws_ext_sales_price) > 0 THEN SUM(ws_ext_sales_price) / SUM(ws_ext_sales_price) ELSE NULL END > CASE WHEN SUM(ss_ext_sales_price) > 0 THEN SUM(ss_ext_sales_price) / SUM(ss_ext_sales_price) ELSE NULL END"
"b3cb9453eb547241"|"0x7f984cf50550800b862821843f73"|"0x7f984cf504702588f021817485f6"|"NULL"|"REFERENCE"|"web_sales"|"ws_ext_sales_price"|0|0|1|181|1|51|54351|"TableScan Impl: ExpressionEvaluator CASE WHEN SUM(ws_ext_sales_price) > 0 THEN SUM(ws_ext_sales_price) / SUM(ws_ext_sales_price) ELSE NULL END > CASE WHEN SUM(ss_ext_sales_price) > 0 THEN SUM(ss_ext_sales_price) / SUM(ss_ext_sales_price) ELSE NULL END"
"b3cb9453eb547241"|"0x7f984cf50550800b862821843f73"|"0x7f984cf504702588f021817485f6"|"NULL"|"REFERENCE"|"web_sales"|"ws_ext_sales_price"|0|0|1|181|1|51|54351|"TableScan Impl: ExpressionEvaluator CASE WHEN SUM(ws_ext_sales_price) > 0 THEN SUM(ws_ext_sales_price) / SUM(ws_ext_sales_price) ELSE NULL END > CASE WHEN SUM(ss_ext_sales_price) > 0 THEN SUM(ss_ext_sales_price) / SUM(ss_ext_sales_price) ELSE NULL END"
"b3cb9453eb547241"|"0x7f984cf50550800b862821843f73"|"0x7f984cf504702588f021817485f6"|"NULL"|"REFERENCE"|"store_sales"|"ss_ext_sales_price"|0|0|1|181|1|51|54351|"TableScan Impl: ExpressionEvaluator CASE WHEN SUM(ws_ext_sales_price) > 0 THEN SUM(ws_ext_sales_price) / SUM(ws_ext_sales_price) ELSE NULL END > CASE WHEN SUM(ss_ext_sales_price) > 0 THEN SUM(ss_ext_sales_price) / SUM(ss_ext_sales_price) ELSE NULL END"
"b3cb9453eb547241"|"0x7f984cf50550800b862821843f73"|"0x7f984cf504702588f021817485f6"|"NULL"|"REFERENCE"|"store_sales"|"ss_ext_sales_price"|0|0|1|181|1|51|54351|"TableScan Impl: ExpressionEvaluator CASE WHEN SUM(ws_ext_sales_price) > 0 THEN SUM(ws_ext_sales_price) / SUM(ws_ext_sales_price) ELSE NULL END > CASE WHEN SUM(ss_ext_sales_price) > 0 THEN SUM(ss_ext_sales_price) / SUM(ss_ext_sales_price) ELSE NULL END"
"b3cb9453eb547241"|"0x7f984cf50550800b862821843f73"|"0x7f984cf504702588f021817485f6"|"NULL"|"REFERENCE"|"store_sales"|"ss_ext_sales_price"|0|0|1|181|1|51|54351|"TableScan Impl: ExpressionEvaluator CASE WHEN SUM(ws_ext_sales_price) > 0 THEN SUM(ws_ext_sales_price) / SUM(ws_ext_sales_price) ELSE NULL END > CASE WHEN SUM(ss_ext_sales_price) > 0 THEN SUM(ss_ext_sales_price) / SUM(ss_ext_sales_price) ELSE NULL END"
"b3cb9453eb547241"|"0x7f984cf504702588f021817485f6"|"0x7f984cf50390ee560ca382f92f14"|"NULL"|"REFERENCE"|"web_sales"|"ws_ext_sales_price"|0|0|1|354|1|181|119991|"TableScan Impl: ExpressionEvaluator CASE WHEN SUM(ws_ext_sales_price) > 0 THEN SUM(ws_ext_sales_price) / SUM(ws_ext_sales_price) ELSE NULL END > CASE WHEN SUM(ss_ext_sales_price) > 0 THEN SUM(ss_ext_sales_price) / SUM(ss_ext_sales_price) ELSE NULL END"
"b3cb9453eb547241"|"0x7f984cf504702588f021817485f6"|"0x7f984cf50390ee560ca382f92f14"|"NULL"|"REFERENCE"|"web_sales"|"ws_ext_sales_price"|0|0|1|354|1|181|119991|"TableScan Impl: ExpressionEvaluator CASE WHEN SUM(ws_ext_sales_price) > 0 THEN SUM(ws_ext_sales_price) / SUM(ws_ext_sales_price) ELSE NULL END > CASE WHEN SUM(ss_ext_sales_price) > 0 THEN SUM(ss_ext_sales_price) / SUM(ss_ext_sales_price) ELSE NULL END"
"b3cb9453eb547241"|"0x7f984cf504702588f021817485f6"|"0x7f984cf50390ee560ca382f92f14"|"NULL"|"REFERENCE"|"web_sales"|"ws_ext_sales_price"|0|0|1|354|1|181|119991|"TableScan Impl: ExpressionEvaluator CASE WHEN SUM(ws_ext_sales_price) > 0 THEN SUM(ws_ext_sales_price) / SUM(ws_ext_sales_price) ELSE NULL END > CASE WHEN SUM(ss_ext_sales_price) > 0 THEN SUM(ss_ext_sales_price) / SUM(ss_ext_sales_price) ELSE NULL END"
"b3cb9453eb547241"|"0x7f984cf504702588f021817485f6"|"0x7f984cf50390ee560ca382f92f14"|"NULL"|"REFERENCE"|"store_sales"|"ss_ext_sales_price"|0|0|1|354|1|181|119991|"TableScan Impl: ExpressionEvaluator CASE WHEN SUM(ws_ext_sales_price) > 0 THEN SUM(ws_ext_sales_price) / SUM(ws_ext_sales_price) ELSE NULL END > CASE WHEN SUM(ss_ext_sales_price) > 0 THEN SUM(ss_ext_sales_price) / SUM(ss_ext_sales_price) ELSE NULL END"
"b3cb9453eb547241"|"0x7f984cf504702588f021817485f6"|"0x7f984cf50390ee560ca382f92f14"|"NULL"|"REFERENCE"|"store_sales"|"ss_ext_sales_price"|0|0|1|354|1|181|119991|"TableScan Impl: ExpressionEvaluator CASE WHEN SUM(ws_ext_sales_price) > 0 THEN SUM(ws_ext_sales_price) / SUM(ws_ext_sales_price) ELSE NULL END > CASE WHEN SUM(ss_ext_sales_price) > 0 THEN SUM(ss_ext_sales_price) / SUM(ss_ext_sales_price) ELSE NULL END"
"b3cb9453eb547241"|"0x7f984cf504702588f021817485f6"|"0x7f984cf50390ee560ca382f92f14"|"NULL"|"REFERENCE"|"store_sales"|"ss_ext_sales_price"|0|0|1|354|1|181|119991|"TableScan Impl: ExpressionEvaluator CASE WHEN SUM(ws_ext_sales_price) > 0 THEN SUM(ws_ext_sales_price) / SUM(ws_ext_sales_price) ELSE NULL END > CASE WHEN SUM(ss_ext_sales_price) > 0 THEN SUM(ss_ext_sales_price) / SUM(ss_ext_sales_price) ELSE NULL END"
"b3cb9453eb547241"|"0x7f984d02a2502af069856417fa86"|"0x7f984d029c303c9dfa84cbf4d97b"|"NULL"|"REFERENCE"|"date_dim"|"d_qoy"|0|0|1|366|1|92|10889|"TableScan Impl: ColumnVsValue d_qoy = 3"
"b3cb9453eb547241"|"0x7f984d029c303c9dfa84cbf4d97b"|"0x7f984d029b5019cb0c858d2d2581"|"NULL"|"DATA"|"date_dim"|"d_year"|0|0|1|65535|1|366|77829|"TableScan Impl: ColumnVsValue d_year = 2000"
"b3cb9453eb547241"|"0x7f984d02a790783f9f00051eb384"|"0x7f984d029c303c9dfa84cbf4d97b"|"NULL"|"REFERENCE"|"date_dim"|"d_qoy"|0|0|1|366|1|91|28505|"TableScan Impl: ColumnVsValue d_qoy = 2"
"b3cb9453eb547241"|"0x7f984d02b130d245dd779e73a0d3"|"0x7f984d029c303c9dfa84cbf4d97b"|"NULL"|"REFERENCE"|"date_dim"|"d_qoy"|0|0|1|366|1|91|26515|"TableScan Impl: ColumnVsValue d_qoy = 1"
"a5ed8e369e84a26a"|"0x7f98561783b07afb3733036f6bea"|"0x7f98561773f05785924f3c7756de"|"NULL"|"REFERENCE"|"customer_demographics"|"cd_gender"|0|0|30|54880|30|27440|601046|"TableScan Impl: ColumnVsValue cd_gender = 'M'"
"a5ed8e369e84a26a"|"0x7f98561773f05785924f3c7756de"|"0x7f9856177310fff43234e5ce8fb7"|"NULL"|"REFERENCE"|"customer_demographics"|"cd_marital_status"|0|0|30|274400|30|54880|840408|"TableScan Impl: ColumnVsValue cd_marital_status = 'S'"
"a5ed8e369e84a26a"|"0x7f9856177310fff43234e5ce8fb7"|"0x7f9856178ab05f08d673627fc74c"|"NULL"|"DATA"|"customer_demographics"|"cd_education_status"|0|0|30|1920800|30|274400|2492886|"TableScan Impl: ColumnVsValue cd_education_status = 'College'"
"a5ed8e369e84a26a"|"0x7f98561775b0ec625b810cbd9a39"|"0x7f9856179370a132be481c3e6fa6"|"NULL"|"DATA"|"date_dim"|"d_year"|1|0|2|73049|1|366|77890|"TableScan Impl: ColumnVsValue d_year = 2000"
"a5ed8e369e84a26a"|"0x7f9856177cb02b8d742397e1f916"|"0x7f984cd5b1509598102dda2d58be"|"NULL"|"REFERENCE"|"promotion"|"p_channel_email"|0|0|1|300|1|295|31915|"TableScan Impl: ColumnVsValue p_channel_email = 'N'"
"a5ed8e369e84a26a"|"0x7f9856177d909e120a96f1fd4ff4"|"0x7f984cd5b1509598102dda2d58be"|"NULL"|"REFERENCE"|"promotion"|"p_channel_event"|0|0|1|300|1|296|9534|"TableScan Impl: ColumnVsValue p_channel_event = 'N'"
"b5449accdea88518"|"0x7f984d3c08f07c64759308dc3bd1"|"0x7f984d3c0810229cb50935e0ea31"|"NULL"|"REFERENCE"|"time_dim"|"t_minute"|0|0|1|3600|1|1800|76584|"TableScan Impl: ColumnVsValue t_minute >= 30"
"b5449accdea88518"|"0x7f984d3c0810229cb50935e0ea31"|"0x7f984d3c0730f28a35770f28bf44"|"NULL"|"DATA"|"time_dim"|"t_hour"|1|0|2|86400|1|3600|104667|"TableScan Impl: ColumnVsValue t_hour = 11"
"b5449accdea88518"|"0x7f984d3c0b909896ea8b0955738f"|"0x7f984d3c0ab0387c3e2070e10987"|"NULL"|"DATA"|"store"|"s_store_name"|0|0|1|12|1|1|16698|"TableScan Impl: ColumnVsValue s_store_name = 'ese'"
"b5449accdea88518"|"0x7f984d3c145040047937daae4a74"|"0x7f984d3c1370b8f3459da59d75ba"|"NULL"|"REFERENCE"|"household_demographics"|"hd_vehicle_count"|0|0|1|720|1|720|16013|"TableScan Impl: ColumnVsValue hd_vehicle_count <= 4"
"b5449accdea88518"|"0x7f984d3c1370b8f3459da59d75ba"|"0x7f984de060302dffc86a8a45dfc7"|"NULL"|"REFERENCE"|"household_demographics"|"hd_dep_count"|0|0|1|7200|1|720|28008|"TableScan Impl: ColumnVsValue hd_dep_count = 2"
"b5449accdea88518"|"0x7f984d3c16103f85a75ef13f4c6c"|"0x7f984d3c1530ffe1548a795ec8b"|"NULL"|"REFERENCE"|"household_demographics"|"hd_vehicle_count"|0|0|1|720|1|480|12101|"TableScan Impl: ColumnVsValue hd_vehicle_count <= 2"
"b5449accdea88518"|"0x7f984d3c1530ffe1548a795ec8b"|"0x7f984de060302dffc86a8a45dfc7"|"NULL"|"REFERENCE"|"household_demographics"|"hd_dep_count"|0|0|1|7200|1|720|15641|"TableScan Impl: ColumnVsValue hd_dep_count = 0"
"b5449accdea88518"|"0x7f984d3c17d0c0e80565d50529d2"|"0x7f984d3c16f0cfda0cd236913b8"|"NULL"|"REFERENCE"|"household_demographics"|"hd_vehicle_count"|0|0|1|720|1|720|10040|"TableScan Impl: ColumnVsValue hd_vehicle_count <= 6"
"b5449accdea88518"|"0x7f984d3c16f0cfda0cd236913b8"|"0x7f984de060302dffc86a8a45dfc7"|"NULL"|"REFERENCE"|"household_demographics"|"hd_dep_count"|0|0|1|7200|1|720|15228|"TableScan Impl: ColumnVsValue hd_dep_count = 4"
"b5449accdea88518"|"0x7f984d3c1ed06905879bcabe2543"|"0x7f984d3c1df0db5be16d4a106278"|"NULL"|"REFERENCE"|"time_dim"|"t_minute"|0|0|1|3600|1|1800|22840|"TableScan Impl: ColumnVsValue t_minute < 30"
"b5449accdea88518"|"0x7f984d3c1df0db5be16d4a106278"|"0x7f984d3c0730f28a35770f28bf44"|"NULL"|"DATA"|"time_dim"|"t_hour"|1|0|2|86400|1|3600|90360|"TableScan Impl: ColumnVsValue t_hour = 12"
"b5449accdea88518"|"0x7f984d3c24f05802905578f3482e"|"0x7f984d3c0810229cb50935e0ea31"|"NULL"|"REFERENCE"|"time_dim"|"t_minute"|0|0|1|3600|1|1800|30680|"TableScan Impl: ColumnVsValue t_minute < 30"
"b5449accdea88518"|"0x7f984d3c2bf06cc9f78712addf61"|"0x7f984d3c2b102edf0c91f897a382"|"NULL"|"REFERENCE"|"time_dim"|"t_minute"|0|0|1|3600|1|1800|22636|"TableScan Impl: ColumnVsValue t_minute < 30"
"b5449accdea88518"|"0x7f984d3c2b102edf0c91f897a382"|"0x7f984d3c0730f28a35770f28bf44"|"NULL"|"DATA"|"time_dim"|"t_hour"|1|0|2|86400|1|3600|88330|"TableScan Impl: ColumnVsValue t_hour = 9"
"b5449accdea88518"|"0x7f984d3c32f02f7eaf936e8e78ee"|"0x7f984d3c321086a745e27f52a117"|"NULL"|"REFERENCE"|"time_dim"|"t_minute"|0|0|1|3600|1|1800|24190|"TableScan Impl: ColumnVsValue t_minute >= 30"
"b5449accdea88518"|"0x7f984d3c321086a745e27f52a117"|"0x7f984d3c0730f28a35770f28bf44"|"NULL"|"DATA"|"time_dim"|"t_hour"|1|0|2|86400|1|3600|88494|"TableScan Impl: ColumnVsValue t_hour = 8"
"b5449accdea88518"|"0x7f984d3c39f064f2bc805f401dd0"|"0x7f984d3c39105ca43dacfc19f3b8"|"NULL"|"REFERENCE"|"time_dim"|"t_minute"|0|0|1|3600|1|1800|23784|"TableScan Impl: ColumnVsValue t_minute >= 30"
"b5449accdea88518"|"0x7f984d3c39105ca43dacfc19f3b8"|"0x7f984d3c0730f28a35770f28bf44"|"NULL"|"DATA"|"time_dim"|"t_hour"|1|0|2|86400|1|3600|84495|"TableScan Impl: ColumnVsValue t_hour = 10"
"b5449accdea88518"|"0x7f984d7fbed08dba517672739e80"|"0x7f984d3c39105ca43dacfc19f3b8"|"NULL"|"REFERENCE"|"time_dim"|"t_minute"|0|0|1|3600|1|1800|29887|"TableScan Impl: ColumnVsValue t_minute < 30"
"b5449accdea88518"|"0x7f984d7fc4f0860356eef305ed76"|"0x7f984d3c2b102edf0c91f897a382"|"NULL"|"REFERENCE"|"time_dim"|"t_minute"|0|0|1|3600|1|1800|32021|"TableScan Impl: ColumnVsValue t_minute >= 30"
"62abd1717043ab45"|"0x7f9856175fd0ec625b810cbd9a39"|"0x7f9856178c70a132be481c3e6fa6"|"NULL"|"DATA"|"date_dim"|"d_year"|1|0|2|73049|1|366|275112|"TableScan Impl: ColumnVsValue d_year = 2000"
"62abd1717043ab45"|"0x7f9856176190b081fa5478c6d13a"|"0x7f984cea22f070e2b38b44601346"|"NULL"|"REFERENCE"|"store"|"s_state"|0|0|1|12|1|12|39831|"TableScan Impl: ColumnVsValue s_state = 'TN'"
"d226deafa3236031"|"0x7f984d029370695d6b6aa0a0be4c"|"0x7f984d02929049867b82599e1026"|"NULL"|"REFERENCE"|"store_sales"|"ss_item_sk"|0|0|1|15|1|1|13216|"TableScan Impl: ColumnVsColumn ss_item_sk = sr_item_sk"
"d226deafa3236031"|"0x7f984d029370695d6b6aa0a0be4c"|"0x7f984d02929049867b82599e1026"|"NULL"|"REFERENCE"|"store_returns"|"sr_item_sk"|0|0|1|15|1|1|13216|"TableScan Impl: ColumnVsColumn ss_item_sk = sr_item_sk"
"d226deafa3236031"|"0x7f984d02929049867b82599e1026"|"0x7f984d0291b0f70f20816b988689"|"NULL"|"REFERENCE"|"store_sales"|"ss_customer_sk"|0|0|1|15|1|15|24751|"TableScan Impl: ColumnVsColumn ss_customer_sk = sr_customer_sk"
"d226deafa3236031"|"0x7f984d02929049867b82599e1026"|"0x7f984d0291b0f70f20816b988689"|"NULL"|"REFERENCE"|"store_returns"|"sr_customer_sk"|0|0|1|15|1|15|24751|"TableScan Impl: ColumnVsColumn ss_customer_sk = sr_customer_sk"
"d226deafa3236031"|"0x7f984d02811020c1228068fcc767"|"0x7f984d0280303dfdfe8800092124"|"NULL"|"REFERENCE"|"date_dim"|"d_moy"|0|0|1|365|1|30|14110|"TableScan Impl: ColumnVsValue d_moy = 9"
"d226deafa3236031"|"0x7f984d0280303dfdfe8800092124"|"0x7f984d027f5019cb0c858d2d2581"|"NULL"|"DATA"|"date_dim"|"d_year"|0|0|1|65535|1|365|108355|"TableScan Impl: ColumnVsValue d_year = 1999"
"d226deafa3236031"|"0x7f984d0290d0d785fe843cbf3957"|"0x7f984d028ff087de495ec62a5d68"|"NULL"|"REFERENCE"|"store_returns"|"sr_item_sk"|0|0|14|148428|7|11|7384172|"TableScan Impl: ColumnVsColumn sr_item_sk = cs_item_sk"
"d226deafa3236031"|"0x7f984d0290d0d785fe843cbf3957"|"0x7f984d028ff087de495ec62a5d68"|"NULL"|"REFERENCE"|"catalog_sales"|"cs_item_sk"|0|0|14|148428|7|11|7384172|"TableScan Impl: ColumnVsColumn sr_item_sk = cs_item_sk"
"d226deafa3236031"|"0x7f984d02857086d34547ffeade10"|"0x7f984d0280303dfdfe8800092124"|"NULL"|"REFERENCE"|"date_dim"|"d_moy"|0|0|1|365|1|122|21383|"TableScan Impl: ColumnBetween d_moy BETWEEN INCLUSIVE 9 AND 12"
"d226deafa3236031"|"0x7f984d028ab02b3bdc65cc4c523d"|"0x7f984d0289d0a132be481c3e6fa6"|"NULL"|"DATA"|"date_dim"|"d_year"|1|0|2|73049|1|365|89282|"TableScan Impl: ColumnVsValue d_year = 2001"
"d226deafa3236031"|"0x7f984d028b90ec625b810cbd9a39"|"0x7f984d0289d0a132be481c3e6fa6"|"NULL"|"DATA"|"date_dim"|"d_year"|1|0|2|73049|1|366|76676|"TableScan Impl: ColumnVsValue d_year = 2000"
"d226deafa3236031"|"0x7f984d028d50781ef4ff276376c8"|"0x7f984d0289d0a132be481c3e6fa6"|"NULL"|"DATA"|"date_dim"|"d_year"|1|0|2|73049|1|365|78204|"TableScan Impl: ColumnVsValue d_year = 1999"
"e9628864b4c79dc2"|"0x7f984cf000d07a074bb208697f89"|"0x7f984cefff10a6773161b4042db"|"NULL"|"REFERENCE"|"store_sales"|"ss_sales_price"|0|0|1|4|1|4|20947|"TableScan Impl: ColumnBetween ss_sales_price BETWEEN INCLUSIVE 50 AND 100"
"e9628864b4c79dc2"|"0x7f984cefff10a6773161b4042db"|"0x7f984ceffd50e45672761169de1a"|"NULL"|"REFERENCE"|"household_demographics"|"hd_dep_count"|0|0|1|74|1|4|12513|"TableScan Impl: ColumnVsValue hd_dep_count = 1"
"e9628864b4c79dc2"|"0x7f984ceffd50e45672761169de1a"|"0x7f984ceffc7065142475af26afb8"|"NULL"|"REFERENCE"|"customer_demographics"|"cd_education_status"|0|0|1|74|1|74|29336|"TableScan Impl: ColumnVsValue cd_education_status = 'College'"
"e9628864b4c79dc2"|"0x7f984ceffc7065142475af26afb8"|"0x7f984ceffb90af0b8f38acc14629"|"NULL"|"REFERENCE"|"customer_demographics"|"cd_marital_status"|0|0|1|92|1|74|35530|"TableScan Impl: ColumnVsValue cd_marital_status = 'S'"
"e9628864b4c79dc2"|"0x7f984cefe23044021d0c08977cdc"|"0x7f984cefe1506c4200f704bd9c4c"|"NULL"|"REFERENCE"|"store_sales"|"ss_sales_price"|0|0|1|189|1|18|103900|"TableScan Impl: ColumnBetween ss_sales_price BETWEEN INCLUSIVE 100 AND 150"
"e9628864b4c79dc2"|"0x7f984cefe1506c4200f704bd9c4c"|"0x7f984cefdf90b3e4eaac2d7e1495"|"NULL"|"REFERENCE"|"customer_demographics"|"cd_education_status"|0|0|1|189|1|189|60676|"TableScan Impl: ColumnVsValue cd_education_status = 'Advanced Degree'"
"e9628864b4c79dc2"|"0x7f984cefdf90b3e4eaac2d7e1495"|"0x7f984cefdeb05967b3a19c4baeee"|"NULL"|"REFERENCE"|"customer_demographics"|"cd_marital_status"|0|0|1|554|1|189|68288|"TableScan Impl: ColumnVsValue cd_marital_status = 'M'"
"e9628864b4c79dc2"|"0x7f985617b9f0ecb1ee283506e24f"|"0x7f985617b9101580e978b8b886ca"|"NULL"|"REFERENCE"|"customer_demographics"|"cd_marital_status"|0|0|30|274400|30|54880|978146|"TableScan Impl: ColumnVsValue cd_marital_status = 'W'"
"e9628864b4c79dc2"|"0x7f985617b9101580e978b8b886ca"|"0x7f984cd827d04b42a0f72fd95aac"|"NULL"|"REFERENCE"|"customer_demographics"|"cd_education_status"|0|0|30|1920800|30|274400|3561500|"TableScan Impl: ColumnVsValue cd_education_status = '2 yr Degree'"
"e9628864b4c79dc2"|"0x7f985617bbb01df28f4175259ddd"|"0x7f985617bad08a69467c4fc0b969"|"NULL"|"REFERENCE"|"customer_demographics"|"cd_marital_status"|0|0|30|274400|30|54880|790707|"TableScan Impl: ColumnVsValue cd_marital_status = 'M'"
"e9628864b4c79dc2"|"0x7f985617bad08a69467c4fc0b969"|"0x7f984cd827d04b42a0f72fd95aac"|"NULL"|"REFERENCE"|"customer_demographics"|"cd_education_status"|0|0|30|1920800|30|274400|3479972|"TableScan Impl: ColumnVsValue cd_education_status = 'Advanced Degree'"
"e9628864b4c79dc2"|"0x7f985617bd7046812064b6ddd879"|"0x7f985617bc9032801262ffaec5de"|"NULL"|"REFERENCE"|"customer_demographics"|"cd_marital_status"|0|0|30|274400|30|54880|785303|"TableScan Impl: ColumnVsValue cd_marital_status = 'S'"
"e9628864b4c79dc2"|"0x7f985617bc9032801262ffaec5de"|"0x7f984cd827d04b42a0f72fd95aac"|"NULL"|"REFERENCE"|"customer_demographics"|"cd_education_status"|0|0|30|1920800|30|274400|3469061|"TableScan Impl: ColumnVsValue cd_education_status = 'College'"
"e9628864b4c79dc2"|"0x7f984cefd270ef6c62cd71a67d0b"|"0x7f984ce859f0e3e889157dd2bbd5"|"NULL"|"REFERENCE"|"store_sales"|"ss_net_profit"|0|0|12|2403|12|1136|349671|"TableScan Impl: ColumnBetween ss_net_profit BETWEEN INCLUSIVE 150 AND 300"
"e9628864b4c79dc2"|"0x7f984cefcef0fe0039ad8dfbfc6f"|"0x7f984cefce103546b0d3c415f625"|"NULL"|"REFERENCE"|"customer_address"|"ca_state"|0|0|4|38743|4|1570|141916|"TableScan Impl: ColumnVsValue ca_state = 'KY'"
"e9628864b4c79dc2"|"0x7f984cefcd3075c20f64560136d7"|"0x7f984ce85310cfb3fd486386d32b"|"NULL"|"REFERENCE"|"customer_address"|"ca_country"|0|0|1|21130|1|20510|156031|"TableScan Impl: ColumnVsValue ca_country = 'United States'"
"e9628864b4c79dc2"|"0x7f984cefc1d0ad904497654b366e"|"0x7f984ce8563089a6d3213ee012f5"|"NULL"|"REFERENCE"|"store_sales"|"ss_net_profit"|0|0|44|2880404|44|85529|4591632|"TableScan Impl: ColumnBetween ss_net_profit BETWEEN INCLUSIVE 100 AND 200"
"e9628864b4c79dc2"|"0x7f984cefc2b053fde52af1018402"|"0x7f984ce8563089a6d3213ee012f5"|"NULL"|"REFERENCE"|"store_sales"|"ss_net_profit"|0|0|44|2880404|44|99216|4539287|"TableScan Impl: ColumnBetween ss_net_profit BETWEEN INCLUSIVE 150 AND 300"
"e9628864b4c79dc2"|"0x7f984cefc3906462e57ad52db7d1"|"0x7f984ce8563089a6d3213ee012f5"|"NULL"|"REFERENCE"|"store_sales"|"ss_net_profit"|0|0|44|2880404|44|180043|5675703|"TableScan Impl: ColumnBetween ss_net_profit BETWEEN INCLUSIVE 50 AND 250"
"e9628864b4c79dc2"|"0x7f984cefc8d02b3bdc65cc4c523d"|"0x7f984cefc710a132be481c3e6fa6"|"NULL"|"DATA"|"date_dim"|"d_year"|1|0|2|73049|1|365|81536|"TableScan Impl: ColumnVsValue d_year = 2001"
"e9628864b4c79dc2"|"0x7f984cefcfd0d23093f9448d6e91"|"0x7f984cefce103546b0d3c415f625"|"NULL"|"REFERENCE"|"customer_address"|"ca_state"|0|0|4|38743|4|390|89513|"TableScan Impl: ColumnVsValue ca_state = 'NM'"
"e9628864b4c79dc2"|"0x7f984cefd190a857860c79f98ca1"|"0x7f984cefce103546b0d3c415f625"|"NULL"|"REFERENCE"|"customer_address"|"ca_state"|0|0|4|38743|4|443|88417|"TableScan Impl: ColumnVsValue ca_state = 'OR'"
"e9628864b4c79dc2"|"0x7f984cefd6d0491fdd591bf933f3"|"0x7f984ce831f0b326bb8e6eb2d085"|"NULL"|"REFERENCE"|"store_sales"|"ss_net_profit"|0|0|12|5856|12|5093|468096|"TableScan Impl: ColumnBetween ss_net_profit BETWEEN INCLUSIVE 50 AND 250"
"e9628864b4c79dc2"|"0x7f984cefd35075c4b96d8ce7163b"|"0x7f984cefce103546b0d3c415f625"|"NULL"|"REFERENCE"|"customer_address"|"ca_state"|0|0|4|38743|4|996|108975|"TableScan Impl: ColumnVsValue ca_state = 'MS'"
"e9628864b4c79dc2"|"0x7f984cefd5102dbd853360051caf"|"0x7f984cefce103546b0d3c415f625"|"NULL"|"REFERENCE"|"customer_address"|"ca_state"|0|0|4|38743|4|3196|174683|"TableScan Impl: ColumnVsValue ca_state = 'TX'"
"e9628864b4c79dc2"|"0x7f984cefd5f075b6b95399091496"|"0x7f984cefce103546b0d3c415f625"|"NULL"|"REFERENCE"|"customer_address"|"ca_state"|0|0|4|38743|4|1664|125473|"TableScan Impl: ColumnVsValue ca_state = 'VA'"
"e9628864b4c79dc2"|"0x7f984cefd8902a5577e75b078266"|"0x7f984ce84c30b3796b156039f904"|"NULL"|"REFERENCE"|"store_sales"|"ss_net_profit"|0|0|8|4253|8|1796|274928|"TableScan Impl: ColumnBetween ss_net_profit BETWEEN INCLUSIVE 100 AND 200"
"e9628864b4c79dc2"|"0x7f984cefd7b0bf956f5993adbe23"|"0x7f984cefce103546b0d3c415f625"|"NULL"|"REFERENCE"|"customer_address"|"ca_state"|0|0|4|38743|4|1057|105648|"TableScan Impl: ColumnVsValue ca_state = 'OH'"
"e9628864b4c79dc2"|"0x7f984cefe4d044c99ff1a646b550"|"0x7f984cefe3f03dafc2da2c340a1e"|"NULL"|"REFERENCE"|"store_sales"|"ss_sales_price"|0|0|1|191|1|74|70600|"TableScan Impl: ColumnBetween ss_sales_price BETWEEN INCLUSIVE 50 AND 100"
"e9628864b4c79dc2"|"0x7f984cefe3f03dafc2da2c340a1e"|"0x7f984cefe310ddc0c391eb6aef05"|"NULL"|"REFERENCE"|"customer_demographics"|"cd_education_status"|0|0|1|191|1|191|41185|"TableScan Impl: ColumnVsValue cd_education_status = 'College'"
"e9628864b4c79dc2"|"0x7f984cefe310ddc0c391eb6aef05"|"0x7f984cefdeb05967b3a19c4baeee"|"NULL"|"REFERENCE"|"customer_demographics"|"cd_marital_status"|0|0|1|554|1|191|45993|"TableScan Impl: ColumnVsValue cd_marital_status = 'S'"
"e9628864b4c79dc2"|"0x7f984ceff570b58b120b4105f4d8"|"0x7f984ceff490a5fc15dbe261d42f"|"NULL"|"REFERENCE"|"customer_demographics"|"cd_education_status"|0|0|0|0|0|0|2701|"TableScan Impl: ColumnVsValue cd_education_status = '2 yr Degree'"
"e9628864b4c79dc2"|"0x7f984ceff490a5fc15dbe261d42f"|"0x7f984ceff3b0fc67e01824f50b7e"|"NULL"|"REFERENCE"|"customer_demographics"|"cd_marital_status"|0|0|1|3|0|0|11424|"TableScan Impl: ColumnVsValue cd_marital_status = 'W'"
"e9628864b4c79dc2"|"0x7f984ceff3b0fc67e01824f50b7e"|"0x7f984cefdeb05967b3a19c4baeee"|"NULL"|"REFERENCE"|"store_sales"|"ss_sales_price"|0|0|1|554|1|3|64735|"TableScan Impl: ColumnBetween ss_sales_price BETWEEN INCLUSIVE 150 AND 200"
"e9628864b4c79dc2"|"0x7f984cf0053011d8a5db514ac48f"|"0x7f984cf004501b3a24feee5c1cb"|"NULL"|"REFERENCE"|"store_sales"|"ss_sales_price"|0|0|0|0|0|0|3354|"TableScan Impl: ColumnBetween ss_sales_price BETWEEN INCLUSIVE 150 AND 200"
"e9628864b4c79dc2"|"0x7f984cf004501b3a24feee5c1cb"|"0x7f984cf00370dfa3d7a0a17ae481"|"NULL"|"REFERENCE"|"household_demographics"|"hd_dep_count"|0|0|0|0|0|0|2147|"TableScan Impl: ColumnVsValue hd_dep_count = 1"
"e9628864b4c79dc2"|"0x7f984cf00370dfa3d7a0a17ae481"|"0x7f984cf00290e45237ce9d15fdf1"|"NULL"|"REFERENCE"|"customer_demographics"|"cd_education_status"|0|0|0|0|0|0|3410|"TableScan Impl: ColumnVsValue cd_education_status = '2 yr Degree'"
"e9628864b4c79dc2"|"0x7f984cf00290e45237ce9d15fdf1"|"0x7f984ceffb90af0b8f38acc14629"|"NULL"|"REFERENCE"|"customer_demographics"|"cd_marital_status"|0|0|1|92|0|0|21895|"TableScan Impl: ColumnVsValue cd_marital_status = 'W'"
"e9628864b4c79dc2"|"0x7f984cf008b06fcae7cc134fef61"|"0x7f984cf007d0c31228e15c674475"|"NULL"|"REFERENCE"|"store_sales"|"ss_sales_price"|0|0|1|2|1|2|15814|"TableScan Impl: ColumnBetween ss_sales_price BETWEEN INCLUSIVE 100 AND 150"
"e9628864b4c79dc2"|"0x7f984cf007d0c31228e15c674475"|"0x7f984cf006f0c6a1495c8a33d2ae"|"NULL"|"REFERENCE"|"household_demographics"|"hd_dep_count"|0|0|1|18|1|2|10330|"TableScan Impl: ColumnVsValue hd_dep_count = 3"
"e9628864b4c79dc2"|"0x7f984cf006f0c6a1495c8a33d2ae"|"0x7f984cf006103cd461ee194b924d"|"NULL"|"REFERENCE"|"customer_demographics"|"cd_education_status"|0|0|1|18|1|18|20802|"TableScan Impl: ColumnVsValue cd_education_status = 'Advanced Degree'"
"e9628864b4c79dc2"|"0x7f984cf006103cd461ee194b924d"|"0x7f984ceffb90af0b8f38acc14629"|"NULL"|"REFERENCE"|"customer_demographics"|"cd_marital_status"|0|0|1|92|1|18|25903|"TableScan Impl: ColumnVsValue cd_marital_status = 'M'"
"ea189fd9834a0c7c"|"0x7f984d1941f046296bc5b62f8907"|"0x7f984d192f9069a262eb38d8385e"|"NULL"|"REFERENCE"|"warehouse"|"w_warehouse_sk"|0|0|1|53|1|14|30039|"TableScan Impl: ColumnVsColumn w_warehouse_sk = w_warehouse_sk"
"ea189fd9834a0c7c"|"0x7f984d1941f046296bc5b62f8907"|"0x7f984d192f9069a262eb38d8385e"|"NULL"|"REFERENCE"|"warehouse"|"w_warehouse_sk"|0|0|1|53|1|14|30039|"TableScan Impl: ColumnVsColumn w_warehouse_sk = w_warehouse_sk"
"ea189fd9834a0c7c"|"0x7f984d1925f0de5ae70153e6eac9"|"0x7f984d19251018accc97c244527d"|"NULL"|"REFERENCE"|"inventory"|"inv_quantity_on_hand"|0|0|1|3080|1|122|139547|"TableScan Impl: ExpressionEvaluator CASE WHEN AVG(inv_quantity_on_hand) = 0 THEN NULL ELSE STDDEV_SAMP(inv_quantity_on_hand) / AVG(inv_quantity_on_hand) END > 1.5"
"ea189fd9834a0c7c"|"0x7f984d1925f0de5ae70153e6eac9"|"0x7f984d19251018accc97c244527d"|"NULL"|"REFERENCE"|"inventory"|"inv_quantity_on_hand"|0|0|1|3080|1|122|139547|"TableScan Impl: ExpressionEvaluator CASE WHEN AVG(inv_quantity_on_hand) = 0 THEN NULL ELSE STDDEV_SAMP(inv_quantity_on_hand) / AVG(inv_quantity_on_hand) END > 1.5"
"ea189fd9834a0c7c"|"0x7f984d1925f0de5ae70153e6eac9"|"0x7f984d19251018accc97c244527d"|"NULL"|"REFERENCE"|"inventory"|"inv_quantity_on_hand"|0|0|1|3080|1|122|139547|"TableScan Impl: ExpressionEvaluator CASE WHEN AVG(inv_quantity_on_hand) = 0 THEN NULL ELSE STDDEV_SAMP(inv_quantity_on_hand) / AVG(inv_quantity_on_hand) END > 1.5"
"ea189fd9834a0c7c"|"0x7f984d19251018accc97c244527d"|"0x7f984ceef6d034daae6de0c08631"|"NULL"|"REFERENCE"|"inventory"|"inv_quantity_on_hand"|0|0|1|45000|1|3080|1127731|"TableScan Impl: ExpressionEvaluator CASE WHEN AVG(inv_quantity_on_hand) = 0 THEN 0 ELSE STDDEV_SAMP(inv_quantity_on_hand) / AVG(inv_quantity_on_hand) END > 1"
"ea189fd9834a0c7c"|"0x7f984d19251018accc97c244527d"|"0x7f984ceef6d034daae6de0c08631"|"NULL"|"REFERENCE"|"inventory"|"inv_quantity_on_hand"|0|0|1|45000|1|3080|1127731|"TableScan Impl: ExpressionEvaluator CASE WHEN AVG(inv_quantity_on_hand) = 0 THEN 0 ELSE STDDEV_SAMP(inv_quantity_on_hand) / AVG(inv_quantity_on_hand) END > 1"
"ea189fd9834a0c7c"|"0x7f984d19251018accc97c244527d"|"0x7f984ceef6d034daae6de0c08631"|"NULL"|"REFERENCE"|"inventory"|"inv_quantity_on_hand"|0|0|1|45000|1|3080|1127731|"TableScan Impl: ExpressionEvaluator CASE WHEN AVG(inv_quantity_on_hand) = 0 THEN 0 ELSE STDDEV_SAMP(inv_quantity_on_hand) / AVG(inv_quantity_on_hand) END > 1"
"ea189fd9834a0c7c"|"0x7f984d191ef0ca455782a85584ac"|"0x7f984d191e10bd79848fa42dca44"|"NULL"|"REFERENCE"|"date_dim"|"d_moy"|0|0|1|365|1|31|11034|"TableScan Impl: ColumnVsValue d_moy = 1"
"ea189fd9834a0c7c"|"0x7f984d191e10bd79848fa42dca44"|"0x7f984d191d3019cb0c858d2d2581"|"NULL"|"DATA"|"date_dim"|"d_year"|0|0|1|65535|1|365|96648|"TableScan Impl: ColumnVsValue d_year = 2001"
"ea189fd9834a0c7c"|"0x7f984d192c10230a38ee8a797545"|"0x7f984ceed8d045785eac702b57d7"|"NULL"|"REFERENCE"|"inventory"|"inv_quantity_on_hand"|0|0|1|45000|1|3170|1123760|"TableScan Impl: ExpressionEvaluator CASE WHEN AVG(inv_quantity_on_hand) = 0 THEN 0 ELSE STDDEV_SAMP(inv_quantity_on_hand) / AVG(inv_quantity_on_hand) END > 1"
"ea189fd9834a0c7c"|"0x7f984d192c10230a38ee8a797545"|"0x7f984ceed8d045785eac702b57d7"|"NULL"|"REFERENCE"|"inventory"|"inv_quantity_on_hand"|0|0|1|45000|1|3170|1123760|"TableScan Impl: ExpressionEvaluator CASE WHEN AVG(inv_quantity_on_hand) = 0 THEN 0 ELSE STDDEV_SAMP(inv_quantity_on_hand) / AVG(inv_quantity_on_hand) END > 1"
"ea189fd9834a0c7c"|"0x7f984d192c10230a38ee8a797545"|"0x7f984ceed8d045785eac702b57d7"|"NULL"|"REFERENCE"|"inventory"|"inv_quantity_on_hand"|0|0|1|45000|1|3170|1123760|"TableScan Impl: ExpressionEvaluator CASE WHEN AVG(inv_quantity_on_hand) = 0 THEN 0 ELSE STDDEV_SAMP(inv_quantity_on_hand) / AVG(inv_quantity_on_hand) END > 1"
"ea189fd9834a0c7c"|"0x7f984d1927b0d334fe3040795809"|"0x7f984d191e10bd79848fa42dca44"|"NULL"|"REFERENCE"|"date_dim"|"d_moy"|0|0|1|365|1|28|25175|"TableScan Impl: ColumnVsValue d_moy = 2"
"dfd5d73db008470"|"0x7f984d4cd9b06a059df8912f6afb"|"0x7f984d4cd8d03c9dfa84cbf4d97b"|"NULL"|"REFERENCE"|"date_dim"|"d_moy"|0|0|1|366|1|30|9002|"TableScan Impl: ColumnVsValue d_moy = 11"
"dfd5d73db008470"|"0x7f984d4cd8d03c9dfa84cbf4d97b"|"0x7f984d4cd7f019cb0c858d2d2581"|"NULL"|"DATA"|"date_dim"|"d_year"|0|0|1|65535|1|366|75065|"TableScan Impl: ColumnVsValue d_year = 2000"
"dfd5d73db008470"|"0x7f984d4cdc50b826ad9a72e8454b"|"0x7f984d4cdb7015fd32f39a7e4695"|"NULL"|"DATA"|"item"|"i_manager_id"|0|0|1|18000|1|321|30855|"TableScan Impl: ColumnVsValue i_manager_id = 1"
"10dbdaceb474245a"|"0x7f984cf8c7507afb3733036f6bea"|"0x7f984cf8b6b05785924f3c7756de"|"NULL"|"REFERENCE"|"customer_demographics"|"cd_gender"|0|0|30|54880|30|27440|560498|"TableScan Impl: ColumnVsValue cd_gender = 'M'"
"10dbdaceb474245a"|"0x7f984cf8b6b05785924f3c7756de"|"0x7f984cf8b4f0fff43234e5ce8fb7"|"NULL"|"REFERENCE"|"customer_demographics"|"cd_marital_status"|0|0|30|274400|30|54880|835280|"TableScan Impl: ColumnVsValue cd_marital_status = 'S'"
"10dbdaceb474245a"|"0x7f984cf8b4f0fff43234e5ce8fb7"|"0x7f984cf8b7905f08d673627fc74c"|"NULL"|"DATA"|"customer_demographics"|"cd_education_status"|0|0|30|1920800|30|274400|2493343|"TableScan Impl: ColumnVsValue cd_education_status = 'College'"
"10dbdaceb474245a"|"0x7f984cf8bcd0ec625b810cbd9a39"|"0x7f984d0250f0a132be481c3e6fa6"|"NULL"|"DATA"|"date_dim"|"d_year"|1|0|2|73049|1|366|84499|"TableScan Impl: ColumnVsValue d_year = 2000"
"10dbdaceb474245a"|"0x7f984cf8c0502b8d742397e1f916"|"0x7f984cee5d509598102dda2d58be"|"NULL"|"REFERENCE"|"promotion"|"p_channel_email"|0|0|1|300|1|295|17585|"TableScan Impl: ColumnVsValue p_channel_email = 'N'"
"10dbdaceb474245a"|"0x7f984cf8c1309e120a96f1fd4ff4"|"0x7f984cee5d509598102dda2d58be"|"NULL"|"REFERENCE"|"promotion"|"p_channel_event"|0|0|1|300|1|296|9238|"TableScan Impl: ColumnVsValue p_channel_event = 'N'"
"c1558ce7f598faf2"|"0x7f984d197590578352accbfb4b51"|"0x7f984d1974b0c16913ba4003ce"|"NULL"|"REFERENCE"|"customer_address"|"ca_zip"|0|0|11|21362|0|0|3500798|"TableScan Impl: ExpressionEvaluator (SUBSTR(ca_zip,1,5)) IN ('85669', '86197', '88274', '83405', '86475', '85392', '85460', '80348', '81792')"
"c1558ce7f598faf2"|"0x7f9852bcf550bdcc1868a0575713"|"0x7f9852bcf470bd79848fa42dca44"|"NULL"|"REFERENCE"|"date_dim"|"d_qoy"|0|0|1|365|1|91|13935|"TableScan Impl: ColumnVsValue d_qoy = 2"
"c1558ce7f598faf2"|"0x7f9852bcf470bd79848fa42dca44"|"0x7f9852bd281019cb0c858d2d2581"|"NULL"|"DATA"|"date_dim"|"d_year"|0|0|1|65535|1|365|98747|"TableScan Impl: ColumnVsValue d_year = 2001"
"c1558ce7f598faf2"|"0x7f984d1976708c48b563896504a"|"0x7f984d1972f0558fe8178671c981"|"NULL"|"DATA"|"item"|"i_item_sk"|0|0|1|18000|1|10|232644|"TableScan Impl: ExpressionEvaluator (i_item_sk) IN (2, 3, 5, 7, 11, 13, 17, 19, 23, 29)"
"a203e0bb1c413813"|"0x7f984d4d3130c8cf8ee0f63c48c1"|"0x7f984d4d3050a132be481c3e6fa6"|"NULL"|"DATA"|"date_dim"|"d_month_seq"|1|0|2|73049|1|366|122952|"TableScan Impl: ColumnBetween d_month_seq BETWEEN INCLUSIVE 1200 AND 1211"
"a328efe777ccc703"|"0x7f984dc5fe706d241baeb93f7076"|"0x7f984dc60110cde6582a8e7367ea"|"NULL"|"REFERENCE"|"time_dim"|"t_minute"|0|0|1|3600|1|1800|30590|"TableScan Impl: ColumnVsValue t_minute >= 30"
"a328efe777ccc703"|"0x7f984dc60110cde6582a8e7367ea"|"0x7f984dc60030f28a35770f28bf44"|"NULL"|"DATA"|"time_dim"|"t_hour"|1|0|2|86400|1|3600|51235|"TableScan Impl: ColumnVsValue t_hour = 20"
"a328efe777ccc703"|"0x7f984dc5faf09896ea8b0955738f"|"0x7f984dc5fd90387c3e2070e10987"|"NULL"|"DATA"|"store"|"s_store_name"|0|0|1|12|1|1|20589|"TableScan Impl: ColumnVsValue s_store_name = 'ese'"
"a328efe777ccc703"|"0x7f984dc5fa10be78212f5ee5f679"|"0x7f984dc5f930a78c09f4bc2b3472"|"NULL"|"DATA"|"household_demographics"|"hd_dep_count"|0|0|1|7200|1|720|22759|"TableScan Impl: ColumnVsValue hd_dep_count = 7"
"76277e5ed4da0819"|"0x7f984cf01e904d1020ac31665e53"|"0x7f984cf01db0a132be481c3e6fa6"|"NULL"|"DATA"|"date_dim"|"d_quarter_name"|1|0|2|73049|1|92|111874|"TableScan Impl: ColumnVsValue d_quarter_name = '2001Q3'"
"76277e5ed4da0819"|"0x7f984cf01f7080bb852427e63483"|"0x7f984cf01db0a132be481c3e6fa6"|"NULL"|"DATA"|"date_dim"|"d_quarter_name"|1|0|2|73049|1|91|71707|"TableScan Impl: ColumnVsValue d_quarter_name = '2001Q2'"
"76277e5ed4da0819"|"0x7f984cf0205039c904b2d96bce8a"|"0x7f984cf01db0a132be481c3e6fa6"|"NULL"|"DATA"|"date_dim"|"d_quarter_name"|1|0|2|73049|1|91|71032|"TableScan Impl: ColumnVsValue d_quarter_name = '2001Q1'"
"76277e5ed4da0819"|"0x7f984cf02e507a0ecd9ec4d9e6d5"|"0x7f984cf02d70c356077c13a76e73"|"NULL"|"REFERENCE"|"store_returns"|"sr_item_sk"|0|0|3|9322|1|1|584607|"TableScan Impl: ColumnVsColumn sr_item_sk = cs_item_sk"
"76277e5ed4da0819"|"0x7f984cf02e507a0ecd9ec4d9e6d5"|"0x7f984cf02d70c356077c13a76e73"|"NULL"|"REFERENCE"|"catalog_sales"|"cs_item_sk"|0|0|3|9322|1|1|584607|"TableScan Impl: ColumnVsColumn sr_item_sk = cs_item_sk"
"76277e5ed4da0819"|"0x7f984cf029f07b7ca01b8780e2d"|"0x7f984cf0291020f80c19516b9450"|"NULL"|"REFERENCE"|"store_sales"|"ss_item_sk"|0|0|44|74599|44|5958|7489304|"TableScan Impl: ColumnVsColumn ss_item_sk = sr_item_sk"
"76277e5ed4da0819"|"0x7f984cf029f07b7ca01b8780e2d"|"0x7f984cf0291020f80c19516b9450"|"NULL"|"REFERENCE"|"store_returns"|"sr_item_sk"|0|0|44|74599|44|5958|7489304|"TableScan Impl: ColumnVsColumn ss_item_sk = sr_item_sk"
"76277e5ed4da0819"|"0x7f984cf0291020f80c19516b9450"|"0x7f984cf02830741c595d94aa1ced"|"NULL"|"REFERENCE"|"store_sales"|"ss_ticket_number"|0|0|44|106367|44|74599|7860618|"TableScan Impl: ColumnVsColumn ss_ticket_number = sr_ticket_number"
"76277e5ed4da0819"|"0x7f984cf0291020f80c19516b9450"|"0x7f984cf02830741c595d94aa1ced"|"NULL"|"REFERENCE"|"store_returns"|"sr_ticket_number"|0|0|44|106367|44|74599|7860618|"TableScan Impl: ColumnVsColumn ss_ticket_number = sr_ticket_number"
"747848d0ca9ebfbb"|"0x7f984cf014f0ae6e974bd5479375"|"0x7f984cf0141089d2a88de1bfe97e"|"NULL"|"REFERENCE"|"customer_address"|"ca_state"|0|0|2|41265|2|2076|114519|"TableScan Impl: ColumnVsValue ca_state = 'GA'"
"747848d0ca9ebfbb"|"0x7f984cf88e70bdcc1868a0575713"|"0x7f984cf88d90bd79848fa42dca44"|"NULL"|"REFERENCE"|"date_dim"|"d_qoy"|0|0|1|365|1|91|11029|"TableScan Impl: ColumnVsValue d_qoy = 2"
"747848d0ca9ebfbb"|"0x7f984cf88d90bd79848fa42dca44"|"0x7f984cf88cb019cb0c858d2d2581"|"NULL"|"DATA"|"date_dim"|"d_year"|0|0|1|65535|1|365|106389|"TableScan Impl: ColumnVsValue d_year = 2001"
"747848d0ca9ebfbb"|"0x7f984cf015d014e5f51c26549295"|"0x7f984cf0141089d2a88de1bfe97e"|"NULL"|"REFERENCE"|"customer_address"|"ca_state"|0|0|2|41265|2|493|72396|"TableScan Impl: ColumnVsValue ca_state = 'WA'"
"747848d0ca9ebfbb"|"0x7f984cf016b063ca4f9754c956a1"|"0x7f984cf0141089d2a88de1bfe97e"|"NULL"|"REFERENCE"|"customer_address"|"ca_state"|0|0|2|41265|2|774|81253|"TableScan Impl: ColumnVsValue ca_state = 'CA'"
"747848d0ca9ebfbb"|"0x7f984cf017901796442b4ee78660"|"0x7f984cf0141089d2a88de1bfe97e"|"NULL"|"REFERENCE"|"catalog_sales"|"cs_sales_price"|2|0|2|41265|0|0|9408|"TableScan Impl: ColumnVsValue cs_sales_price > 500"
"747848d0ca9ebfbb"|"0x7f984cf018706e7e54bdc46b44a1"|"0x7f984cf0141089d2a88de1bfe97e"|"NULL"|"REFERENCE"|"customer_address"|"ca_zip"|0|0|2|41265|0|0|6438039|"TableScan Impl: ExpressionEvaluator (SUBSTR(ca_zip,1,5)) IN ('85669', '86197', '88274', '83405', '86475', '85392', '85460', '80348', '81792')"
"7ee6cff3a8c3d580"|"0x7f984cf896502dca572a3791be22"|"0x7f984cf89570a5d3f230a3d3683e"|"NULL"|"REFERENCE"|"customer_address"|"ca_zip"|0|0|44|1492|44|1447|1156466|"TableScan Impl: ExpressionEvaluator SUBSTR(ca_zip,1,5) != SUBSTR(s_zip,1,5)"
"7ee6cff3a8c3d580"|"0x7f984cf896502dca572a3791be22"|"0x7f984cf89570a5d3f230a3d3683e"|"NULL"|"REFERENCE"|"store"|"s_zip"|0|0|44|1492|44|1447|1156466|"TableScan Impl: ExpressionEvaluator SUBSTR(ca_zip,1,5) != SUBSTR(s_zip,1,5)"
"7ee6cff3a8c3d580"|"0x7f984cf885b0d81bf913a0288d14"|"0x7f984d02aa306493ca07f8ba2be"|"NULL"|"REFERENCE"|"date_dim"|"d_moy"|0|0|1|365|1|30|13093|"TableScan Impl: ColumnVsValue d_moy = 11"
"7ee6cff3a8c3d580"|"0x7f984d02aa306493ca07f8ba2be"|"0x7f984d02acd019cb0c858d2d2581"|"NULL"|"DATA"|"date_dim"|"d_year"|0|0|1|65535|1|365|97315|"TableScan Impl: ColumnVsValue d_year = 1998"
"7ee6cff3a8c3d580"|"0x7f984cf88850326b29e298b76eaf"|"0x7f984cf88770201b18cedae43cf1"|"NULL"|"DATA"|"item"|"i_manager_id"|0|0|1|18000|1|321|31586|"TableScan Impl: ColumnVsValue i_manager_id = 8"
"ec84b20b69353252"|"0x7f984d7f9f50169502f865bc6df7"|"0x7f984d7f9e70da1e19d59968ce9d"|"NULL"|"DATA"|"date_dim"|"d_date"|1|0|2|73049|1|1|92609|"TableScan Impl: ColumnVsValue d_date = '2000-11-17'"
"ec84b20b69353252"|"0x7f984d7fa030b409d067537c817c"|"0x7f984d7f9e70da1e19d59968ce9d"|"NULL"|"DATA"|"date_dim"|"d_date"|1|0|2|73049|1|1|71078|"TableScan Impl: ColumnVsValue d_date = '2000-09-27'"
"ec84b20b69353252"|"0x7f984d7fa1108d94565bc3737451"|"0x7f984d7f9e70da1e19d59968ce9d"|"NULL"|"DATA"|"date_dim"|"d_date"|1|0|2|73049|1|1|74516|"TableScan Impl: ColumnVsValue d_date = '2000-06-30'"
"ec84b20b69353252"|"0x7f984d7fab90f293843ed02d32f3"|"0x7f984d672ef07b8824dce5400772"|"NULL"|"REFERENCE"|"date_dim"|"d_date"|1|0|2|73049|1|1|97694|"TableScan Impl: ColumnVsValue d_date = '2000-11-17'"
"ec84b20b69353252"|"0x7f984d7fac70eed4b59805514888"|"0x7f984d672ef07b8824dce5400772"|"NULL"|"REFERENCE"|"date_dim"|"d_date"|1|0|2|73049|1|1|88556|"TableScan Impl: ColumnVsValue d_date = '2000-09-27'"
"ec84b20b69353252"|"0x7f984d7fad50f26129d69de43126"|"0x7f984d672ef07b8824dce5400772"|"NULL"|"REFERENCE"|"date_dim"|"d_date"|1|0|2|73049|1|1|87206|"TableScan Impl: ColumnVsValue d_date = '2000-06-30'"
"105285333f5ba7f4"|"0x7f984d4cff505b3ea802e312f825"|"0x7f984d4d25d0c871974bd83ac355"|"NULL"|"DATA"|"customer_address"|"ca_state"|0|0|1|50000|1|500|72778|"TableScan Impl: ColumnVsValue ca_state = 'NM'"
"105285333f5ba7f4"|"0x7f984d4d2bf0c6dac680dc5f6e55"|"0x7f984d4d25d0c871974bd83ac355"|"NULL"|"DATA"|"customer_address"|"ca_state"|0|0|1|50000|1|2446|71948|"TableScan Impl: ColumnVsValue ca_state = 'GA'"
"105285333f5ba7f4"|"0x7f984d4d26b042bd1aaec8f132b"|"0x7f984d4d25d0c871974bd83ac355"|"NULL"|"DATA"|"customer_address"|"ca_state"|0|0|1|50000|1|1945|58575|"TableScan Impl: ColumnVsValue ca_state = 'KY'"
"105285333f5ba7f4"|"0x7f984d4d39f0b7955538e5efb4f1"|"0x7f984d4d32f0bd79848fa42dca44"|"NULL"|"REFERENCE"|"date_dim"|"d_moy"|0|0|1|365|1|91|16616|"TableScan Impl: ColumnBetween d_moy BETWEEN INCLUSIVE 4 AND 6"
"105285333f5ba7f4"|"0x7f984d4d32f0bd79848fa42dca44"|"0x7f984d4d3bb019cb0c858d2d2581"|"NULL"|"DATA"|"date_dim"|"d_year"|0|0|1|65535|1|365|87190|"TableScan Impl: ColumnVsValue d_year = 2001"
"105285333f5ba7f4"|"0x7f984d7f72b0cff10aa0ee6e68e2"|"0x7f984d4d34b0ee7f24a932266cf6"|"NULL"|"REFERENCE"|"date_dim"|"d_moy"|0|0|1|365|1|91|9922|"TableScan Impl: ColumnBetween d_moy BETWEEN INCLUSIVE 4 AND 6"
"105285333f5ba7f4"|"0x7f984d4d34b0ee7f24a932266cf6"|"0x7f984e5797d05b073bef9be8b4f5"|"NULL"|"REFERENCE"|"date_dim"|"d_year"|0|0|1|65535|1|365|91213|"TableScan Impl: ColumnVsValue d_year = 2001"
"5a7fd39201e63d24"|"0x7f984cf8b0906221386d7e65bf29"|"0x7f984cf8aed04edda838baf0797a"|"NULL"|"REFERENCE"|"store_returns"|"sr_item_sk"|0|0|4|2817|1|1|293635|"TableScan Impl: ColumnVsColumn sr_item_sk = cs_item_sk"
"5a7fd39201e63d24"|"0x7f984cf8b0906221386d7e65bf29"|"0x7f984cf8aed04edda838baf0797a"|"NULL"|"REFERENCE"|"catalog_sales"|"cs_item_sk"|0|0|4|2817|1|1|293635|"TableScan Impl: ColumnVsColumn sr_item_sk = cs_item_sk"
"5a7fd39201e63d24"|"0x7f984cf898f0377a34c33cf0a724"|"0x7f984cf89810bd79848fa42dca44"|"NULL"|"REFERENCE"|"date_dim"|"d_moy"|0|0|1|365|1|214|20494|"TableScan Impl: ColumnBetween d_moy BETWEEN INCLUSIVE 4 AND 10"
"5a7fd39201e63d24"|"0x7f984cf89810bd79848fa42dca44"|"0x7f984cf8973019cb0c858d2d2581"|"NULL"|"DATA"|"date_dim"|"d_year"|0|0|1|65535|1|365|110542|"TableScan Impl: ColumnVsValue d_year = 2001"
"5a7fd39201e63d24"|"0x7f984cf8a7d0a13aa4fa39878d6b"|"0x7f984cf8a6f08af169afba58957"|"NULL"|"REFERENCE"|"store_sales"|"ss_item_sk"|0|0|44|24193|44|1948|1293020|"TableScan Impl: ColumnVsColumn ss_item_sk = sr_item_sk"
"5a7fd39201e63d24"|"0x7f984cf8a7d0a13aa4fa39878d6b"|"0x7f984cf8a6f08af169afba58957"|"NULL"|"REFERENCE"|"store_returns"|"sr_item_sk"|0|0|44|24193|44|1948|1293020|"TableScan Impl: ColumnVsColumn ss_item_sk = sr_item_sk"
"5a7fd39201e63d24"|"0x7f984cf8a6f08af169afba58957"|"0x7f984cf8a61022dd0ea355c528af"|"NULL"|"REFERENCE"|"store_sales"|"ss_customer_sk"|0|0|44|31706|44|24193|1467802|"TableScan Impl: ColumnVsColumn ss_customer_sk = sr_customer_sk"
"5a7fd39201e63d24"|"0x7f984cf8a6f08af169afba58957"|"0x7f984cf8a61022dd0ea355c528af"|"NULL"|"REFERENCE"|"store_returns"|"sr_customer_sk"|0|0|44|31706|44|24193|1467802|"TableScan Impl: ColumnVsColumn ss_customer_sk = sr_customer_sk"
"5a7fd39201e63d24"|"0x7f984cf89b9020c0ffd5443e021b"|"0x7f984cf89810bd79848fa42dca44"|"NULL"|"REFERENCE"|"date_dim"|"d_moy"|0|0|1|365|1|30|14735|"TableScan Impl: ColumnVsValue d_moy = 4"
"c49841c711905e98"|"0x7f9850ac68502d6c71fcbdcc6351"|"0x7f9850ac67706e9d22370464fd2e"|"NULL"|"REFERENCE"|"store_sales"|"ss_sales_price"|0|0|1|799|1|331|141638|"TableScan Impl: ColumnBetween ss_sales_price BETWEEN INCLUSIVE 50 AND 100"
"c49841c711905e98"|"0x7f9850ac67706e9d22370464fd2e"|"0x7f9850ac66901c83a1b92d0e3c2b"|"NULL"|"REFERENCE"|"customer_demographics"|"cd_education_status"|0|0|1|799|1|799|88409|"TableScan Impl: ColumnVsValue cd_education_status = '2 yr Degree'"
"c49841c711905e98"|"0x7f9850ac66901c83a1b92d0e3c2b"|"0x7f9850ac65b0bdb155c325b213"|"NULL"|"REFERENCE"|"customer_demographics"|"cd_marital_status"|0|0|1|2619|1|799|128931|"TableScan Impl: ColumnVsValue cd_marital_status = 'D'"
"c49841c711905e98"|"0x7f984d197e50353609ec3dce3980"|"0x7f984d197d70408cc90a58387eb0"|"NULL"|"REFERENCE"|"customer_demographics"|"cd_marital_status"|0|0|30|274400|30|54880|820313|"TableScan Impl: ColumnVsValue cd_marital_status = 'M'"
"c49841c711905e98"|"0x7f984d197d70408cc90a58387eb0"|"0x7f984d244bf04b42a0f72fd95aac"|"NULL"|"REFERENCE"|"customer_demographics"|"cd_education_status"|0|0|30|1920800|30|274400|3464389|"TableScan Impl: ColumnVsValue cd_education_status = '4 yr Degree'"
"c49841c711905e98"|"0x7f9850ac401056252379631315c"|"0x7f984d197f301580e978b8b886ca"|"NULL"|"REFERENCE"|"customer_demographics"|"cd_marital_status"|0|0|30|274400|30|54880|723951|"TableScan Impl: ColumnVsValue cd_marital_status = 'D'"
"c49841c711905e98"|"0x7f984d197f301580e978b8b886ca"|"0x7f984d244bf04b42a0f72fd95aac"|"NULL"|"REFERENCE"|"customer_demographics"|"cd_education_status"|0|0|30|1920800|30|274400|3367242|"TableScan Impl: ColumnVsValue cd_education_status = '2 yr Degree'"
"c49841c711905e98"|"0x7f9850ac41d046812064b6ddd879"|"0x7f9850ac40f032801262ffaec5de"|"NULL"|"REFERENCE"|"customer_demographics"|"cd_marital_status"|0|0|30|274400|30|54880|649393|"TableScan Impl: ColumnVsValue cd_marital_status = 'S'"
"c49841c711905e98"|"0x7f9850ac40f032801262ffaec5de"|"0x7f984d244bf04b42a0f72fd95aac"|"NULL"|"REFERENCE"|"customer_demographics"|"cd_education_status"|0|0|30|1920800|30|274400|3318870|"TableScan Impl: ColumnVsValue cd_education_status = 'College'"
"c49841c711905e98"|"0x7f9850ac5970e143eb05a2d27d7b"|"0x7f984d24703048239541bf37ff5f"|"NULL"|"REFERENCE"|"store_sales"|"ss_net_profit"|0|0|132|40218|132|6711|1373514|"TableScan Impl: ColumnBetween ss_net_profit BETWEEN INCLUSIVE 150 AND 3000"
"c49841c711905e98"|"0x7f9850ac56d08fcb1fd9ec0aae45"|"0x7f9850ac55f016d192ddb82b6d"|"NULL"|"REFERENCE"|"customer_address"|"ca_state"|0|0|44|154475|44|20116|821024|"TableScan Impl: ColumnVsValue ca_state = 'KY'"
"c49841c711905e98"|"0x7f9850ac4630fbf533a2d1ac0534"|"0x7f9850ac4550e6105de19073388a"|"NULL"|"REFERENCE"|"customer_address"|"ca_state"|0|0|1|48475|1|3901|126988|"TableScan Impl: ColumnVsValue ca_state = 'TX'"
"c49841c711905e98"|"0x7f9850ac4550e6105de19073388a"|"0x7f984d2468101a86380fd316bc17"|"NULL"|"REFERENCE"|"customer_address"|"ca_country"|0|0|1|50000|1|48475|348502|"TableScan Impl: ColumnVsValue ca_country = 'United States'"
"c49841c711905e98"|"0x7f9850ac47104313c44ed2bb8099"|"0x7f9850ac4550e6105de19073388a"|"NULL"|"REFERENCE"|"customer_address"|"ca_state"|0|0|1|48475|1|1330|79923|"TableScan Impl: ColumnVsValue ca_state = 'OH'"
"c49841c711905e98"|"0x7f9850ac47f0cd16c838a0c9db02"|"0x7f9850ac4550e6105de19073388a"|"NULL"|"REFERENCE"|"customer_address"|"ca_state"|0|0|1|48475|1|971|87000|"TableScan Impl: ColumnVsValue ca_state = 'CO'"
"c49841c711905e98"|"0x7f9850ac48d053e981690b2120ef"|"0x7f9850ac4550e6105de19073388a"|"NULL"|"REFERENCE"|"customer_address"|"ca_state"|0|0|1|48475|1|1911|87368|"TableScan Impl: ColumnVsValue ca_state = 'KY'"
"c49841c711905e98"|"0x7f9850ac49b0dfbe3e03afad7a31"|"0x7f9850ac4550e6105de19073388a"|"NULL"|"REFERENCE"|"customer_address"|"ca_state"|0|0|1|48475|1|1306|78655|"TableScan Impl: ColumnVsValue ca_state = 'MN'"
"c49841c711905e98"|"0x7f9850ac4a90549f544088097e7b"|"0x7f9850ac4550e6105de19073388a"|"NULL"|"REFERENCE"|"customer_address"|"ca_state"|0|0|1|48475|1|564|64553|"TableScan Impl: ColumnVsValue ca_state = 'OR'"
"c49841c711905e98"|"0x7f9850ac4b7034a14d78011ea0f7"|"0x7f9850ac4550e6105de19073388a"|"NULL"|"REFERENCE"|"customer_address"|"ca_state"|0|0|1|48475|1|1278|77513|"TableScan Impl: ColumnVsValue ca_state = 'MS'"
"c49841c711905e98"|"0x7f9850ac4c507289801d142c11d8"|"0x7f9850ac4550e6105de19073388a"|"NULL"|"REFERENCE"|"customer_address"|"ca_state"|0|0|1|48475|1|922|70342|"TableScan Impl: ColumnVsValue ca_state = 'CA'"
"c49841c711905e98"|"0x7f9850ac4e1034057ff4ce640ac7"|"0x7f9850ac4550e6105de19073388a"|"NULL"|"REFERENCE"|"customer_address"|"ca_state"|0|0|1|48475|1|2134|92223|"TableScan Impl: ColumnVsValue ca_state = 'VA'"
"c49841c711905e98"|"0x7f9850ac5350ec625b810cbd9a39"|"0x7f9850ac5270a132be481c3e6fa6"|"NULL"|"DATA"|"date_dim"|"d_year"|1|0|2|73049|1|366|73495|"TableScan Impl: ColumnVsValue d_year = 2000"
"c49841c711905e98"|"0x7f9850ac57b0b59ddee71f8bae8f"|"0x7f9850ac55f016d192ddb82b6d"|"NULL"|"REFERENCE"|"customer_address"|"ca_state"|0|0|44|154475|44|13986|674088|"TableScan Impl: ColumnVsValue ca_state = 'MN'"
"c49841c711905e98"|"0x7f9850ac5890f912f1da6d34d1e0"|"0x7f9850ac55f016d192ddb82b6d"|"NULL"|"REFERENCE"|"customer_address"|"ca_state"|0|0|44|154475|44|6116|531364|"TableScan Impl: ColumnVsValue ca_state = 'OR'"
"c49841c711905e98"|"0x7f9850ac5cf0ad9aa4c647e91f7a"|"0x7f984d2480701559d499fd40cb3c"|"NULL"|"REFERENCE"|"store_sales"|"ss_net_profit"|0|0|132|48045|132|10615|1370308|"TableScan Impl: ColumnBetween ss_net_profit BETWEEN INCLUSIVE 50 AND 25000"
"c49841c711905e98"|"0x7f9850ac5a50b6c040c97e5de48b"|"0x7f9850ac55f016d192ddb82b6d"|"NULL"|"REFERENCE"|"customer_address"|"ca_state"|0|0|44|154475|44|14344|603332|"TableScan Impl: ColumnVsValue ca_state = 'MS'"
"c49841c711905e98"|"0x7f9850ac5b30832a792ffc854265"|"0x7f9850ac55f016d192ddb82b6d"|"NULL"|"REFERENCE"|"customer_address"|"ca_state"|0|0|44|154475|44|9211|542705|"TableScan Impl: ColumnVsValue ca_state = 'CA'"
"c49841c711905e98"|"0x7f9850ac5c10705faad61bbc1ebc"|"0x7f9850ac55f016d192ddb82b6d"|"NULL"|"REFERENCE"|"customer_address"|"ca_state"|0|0|44|154475|44|24490|793476|"TableScan Impl: ColumnVsValue ca_state = 'VA'"
"c49841c711905e98"|"0x7f9850ac60702127a962eb7bed9c"|"0x7f984d245910ff7ce9aac10a7fa4"|"NULL"|"REFERENCE"|"store_sales"|"ss_net_profit"|0|0|132|66212|132|15106|1518503|"TableScan Impl: ColumnBetween ss_net_profit BETWEEN INCLUSIVE 0 AND 2000"
"c49841c711905e98"|"0x7f9850ac5dd06fdbb98c8d55db7c"|"0x7f9850ac55f016d192ddb82b6d"|"NULL"|"REFERENCE"|"customer_address"|"ca_state"|0|0|44|154475|44|41893|1048601|"TableScan Impl: ColumnVsValue ca_state = 'TX'"
"c49841c711905e98"|"0x7f9850ac5eb0dca0e24222ee8082"|"0x7f9850ac55f016d192ddb82b6d"|"NULL"|"REFERENCE"|"customer_address"|"ca_state"|0|0|44|154475|44|14330|602903|"TableScan Impl: ColumnVsValue ca_state = 'OH'"
"c49841c711905e98"|"0x7f9850ac5f904809bc33c375c5ff"|"0x7f9850ac55f016d192ddb82b6d"|"NULL"|"REFERENCE"|"customer_address"|"ca_state"|0|0|44|154475|44|9989|551105|"TableScan Impl: ColumnVsValue ca_state = 'CO'"
"c49841c711905e98"|"0x7f9850ac6af01edf175d8fd7d11e"|"0x7f9850ac6a105bb8c09333d0b646"|"NULL"|"REFERENCE"|"store_sales"|"ss_sales_price"|0|0|1|969|1|19|103449|"TableScan Impl: ColumnBetween ss_sales_price BETWEEN INCLUSIVE 150 AND 200"
"c49841c711905e98"|"0x7f9850ac6a105bb8c09333d0b646"|"0x7f9850ac69303c69b3c9fd50f265"|"NULL"|"REFERENCE"|"customer_demographics"|"cd_education_status"|0|0|1|969|1|969|78733|"TableScan Impl: ColumnVsValue cd_education_status = 'College'"
"c49841c711905e98"|"0x7f9850ac69303c69b3c9fd50f265"|"0x7f9850ac65b0bdb155c325b213"|"NULL"|"REFERENCE"|"customer_demographics"|"cd_marital_status"|0|0|1|2619|1|969|87185|"TableScan Impl: ColumnVsValue cd_marital_status = 'S'"
"c49841c711905e98"|"0x7f9850ac6d9034780df9fcdbdbd2"|"0x7f9850ac6cb058d735c35b009748"|"NULL"|"REFERENCE"|"customer_demographics"|"cd_education_status"|0|0|1|169|1|169|40561|"TableScan Impl: ColumnVsValue cd_education_status = '4 yr Degree'"
"c49841c711905e98"|"0x7f9850ac6cb058d735c35b009748"|"0x7f9850ac6bd03cebbf12589ff4fc"|"NULL"|"REFERENCE"|"customer_demographics"|"cd_marital_status"|0|0|1|548|1|169|43661|"TableScan Impl: ColumnVsValue cd_marital_status = 'M'"
"c49841c711905e98"|"0x7f9850ac6bd03cebbf12589ff4fc"|"0x7f9850ac65b0bdb155c325b213"|"NULL"|"REFERENCE"|"store_sales"|"ss_sales_price"|0|0|1|2619|1|548|120986|"TableScan Impl: ColumnBetween ss_sales_price BETWEEN INCLUSIVE 100 AND 150"
"33a6c8baa243ee1a"|"0x7f984d0250103d31b92211d28321"|"0x7f984cee6b10abb8b9e68b5ee0e8"|"NULL"|"REFERENCE"|"store_sales"|"ss_coupon_amt"|0|0|44|137519|0|0|1164122|"TableScan Impl: ColumnBetween ss_coupon_amt BETWEEN INCLUSIVE 2323 AND 3323"
"33a6c8baa243ee1a"|"0x7f984cf8ce5092a14e190b768329"|"0x7f984cf8cd70c4c1035bced7b06c"|"NULL"|"DATA"|"store_sales"|"ss_quantity"|0|0|44|2880404|44|137519|4293710|"TableScan Impl: ColumnBetween ss_quantity BETWEEN INCLUSIVE 6 AND 10"
"33a6c8baa243ee1a"|"0x7f984d0251d0c80d53ea89e7289f"|"0x7f984cee6b10abb8b9e68b5ee0e8"|"NULL"|"REFERENCE"|"store_sales"|"ss_wholesale_cost"|0|0|44|137519|44|27196|1287033|"TableScan Impl: ColumnBetween ss_wholesale_cost BETWEEN INCLUSIVE 31 AND 51"
"33a6c8baa243ee1a"|"0x7f984d0252b028740deae2d9b80"|"0x7f984cee6b10abb8b9e68b5ee0e8"|"NULL"|"REFERENCE"|"store_sales"|"ss_list_price"|0|0|44|137519|44|9353|1199752|"TableScan Impl: ColumnBetween ss_list_price BETWEEN INCLUSIVE 90 AND 100"
"33a6c8baa243ee1a"|"0x7f984d025630df5237243af3540b"|"0x7f984cf7b230ea4955ed7df0510c"|"NULL"|"REFERENCE"|"store_sales"|"ss_coupon_amt"|0|0|44|137224|0|0|857605|"TableScan Impl: ColumnBetween ss_coupon_amt BETWEEN INCLUSIVE 7326 AND 8326"
"33a6c8baa243ee1a"|"0x7f984d025550fe5c4fbb97dd368b"|"0x7f984cf8cd70c4c1035bced7b06c"|"NULL"|"DATA"|"store_sales"|"ss_quantity"|0|0|44|2880404|44|137224|4164845|"TableScan Impl: ColumnBetween ss_quantity BETWEEN INCLUSIVE 26 AND 30"
"33a6c8baa243ee1a"|"0x7f984d0257104706992574cc373a"|"0x7f984cf7b230ea4955ed7df0510c"|"NULL"|"REFERENCE"|"store_sales"|"ss_wholesale_cost"|0|0|44|137224|44|26995|989868|"TableScan Impl: ColumnBetween ss_wholesale_cost BETWEEN INCLUSIVE 7 AND 27"
"33a6c8baa243ee1a"|"0x7f984d0257f03d63af9e1c7466e2"|"0x7f984cf7b230ea4955ed7df0510c"|"NULL"|"REFERENCE"|"store_sales"|"ss_list_price"|0|0|44|137224|44|3102|577301|"TableScan Impl: ColumnBetween ss_list_price BETWEEN INCLUSIVE 154 AND 164"
"33a6c8baa243ee1a"|"0x7f984d025b705d60f8e21786055d"|"0x7f984cf7b2d0cab58b10ccf5edf1"|"NULL"|"REFERENCE"|"store_sales"|"ss_coupon_amt"|0|0|44|137515|39|120|574230|"TableScan Impl: ColumnBetween ss_coupon_amt BETWEEN INCLUSIVE 459 AND 1459"
"33a6c8baa243ee1a"|"0x7f984d025a905a09e4e0cdacf06d"|"0x7f984cf8cd70c4c1035bced7b06c"|"NULL"|"DATA"|"store_sales"|"ss_quantity"|0|0|44|2880404|44|137515|4128509|"TableScan Impl: ColumnBetween ss_quantity BETWEEN INCLUSIVE 0 AND 5"
"33a6c8baa243ee1a"|"0x7f984d025c50d2f475e1632971ab"|"0x7f984cf7b2d0cab58b10ccf5edf1"|"NULL"|"REFERENCE"|"store_sales"|"ss_wholesale_cost"|0|0|44|137515|44|26915|841581|"TableScan Impl: ColumnBetween ss_wholesale_cost BETWEEN INCLUSIVE 57 AND 77"
"33a6c8baa243ee1a"|"0x7f984d025d3029b17d64ce86a271"|"0x7f984cf7b2d0cab58b10ccf5edf1"|"NULL"|"REFERENCE"|"store_sales"|"ss_list_price"|0|0|44|137515|44|9459|580025|"TableScan Impl: ColumnBetween ss_list_price BETWEEN INCLUSIVE 8 AND 18"
"33a6c8baa243ee1a"|"0x7f984d0260b0b6bad531b839c577"|"0x7f984cf49850c976a5ad5188a0bd"|"NULL"|"REFERENCE"|"store_sales"|"ss_coupon_amt"|0|0|44|137937|0|0|536999|"TableScan Impl: ColumnBetween ss_coupon_amt BETWEEN INCLUSIVE 6071 AND 7071"
"33a6c8baa243ee1a"|"0x7f984d025fd05975617b48fc776f"|"0x7f984cf8cd70c4c1035bced7b06c"|"NULL"|"DATA"|"store_sales"|"ss_quantity"|0|0|44|2880404|44|137937|4150011|"TableScan Impl: ColumnBetween ss_quantity BETWEEN INCLUSIVE 16 AND 20"
"33a6c8baa243ee1a"|"0x7f984d0261901a27d5bb60b09df"|"0x7f984cf49850c976a5ad5188a0bd"|"NULL"|"REFERENCE"|"store_sales"|"ss_wholesale_cost"|0|0|44|137937|44|26884|852023|"TableScan Impl: ColumnBetween ss_wholesale_cost BETWEEN INCLUSIVE 38 AND 58"
"33a6c8baa243ee1a"|"0x7f984d02627012817ca7e7db4a9a"|"0x7f984cf49850c976a5ad5188a0bd"|"NULL"|"REFERENCE"|"store_sales"|"ss_list_price"|0|0|44|137937|44|4884|505231|"TableScan Impl: ColumnBetween ss_list_price BETWEEN INCLUSIVE 135 AND 145"
"33a6c8baa243ee1a"|"0x7f984d0265f04ab1e6551f309cb6"|"0x7f984cee6cf0d9c932d3f7e94e9e"|"NULL"|"REFERENCE"|"store_sales"|"ss_coupon_amt"|7|0|44|137032|0|0|433423|"TableScan Impl: ColumnBetween ss_coupon_amt BETWEEN INCLUSIVE 12214 AND 13214"
"33a6c8baa243ee1a"|"0x7f984d0265102b14ab3062c18a66"|"0x7f984cf8cd70c4c1035bced7b06c"|"NULL"|"DATA"|"store_sales"|"ss_quantity"|0|0|44|2880404|44|137032|4132901|"TableScan Impl: ColumnBetween ss_quantity BETWEEN INCLUSIVE 11 AND 15"
"33a6c8baa243ee1a"|"0x7f984d0266d04022b171569350ad"|"0x7f984cee6cf0d9c932d3f7e94e9e"|"NULL"|"REFERENCE"|"store_sales"|"ss_wholesale_cost"|0|0|44|137032|44|27072|837134|"TableScan Impl: ColumnBetween ss_wholesale_cost BETWEEN INCLUSIVE 79 AND 99"
"33a6c8baa243ee1a"|"0x7f984d0267b01628b0586b2743c"|"0x7f984cee6cf0d9c932d3f7e94e9e"|"NULL"|"REFERENCE"|"store_sales"|"ss_list_price"|0|0|44|137032|44|4194|477003|"TableScan Impl: ColumnBetween ss_list_price BETWEEN INCLUSIVE 142 AND 152"
"33a6c8baa243ee1a"|"0x7f984d026b309c4c6d1c134476f4"|"0x7f984cee6bb05f8449a0afeaa45"|"NULL"|"REFERENCE"|"store_sales"|"ss_coupon_amt"|0|0|44|137360|44|3780|528104|"TableScan Impl: ColumnBetween ss_coupon_amt BETWEEN INCLUSIVE 836 AND 1836"
"33a6c8baa243ee1a"|"0x7f984d026a50d8e3d45ef7f006ff"|"0x7f984cf8cd70c4c1035bced7b06c"|"NULL"|"DATA"|"store_sales"|"ss_quantity"|0|0|44|2880404|44|137360|4106045|"TableScan Impl: ColumnBetween ss_quantity BETWEEN INCLUSIVE 21 AND 25"
"33a6c8baa243ee1a"|"0x7f984d026c10a9aad024c1157031"|"0x7f984cee6bb05f8449a0afeaa45"|"NULL"|"REFERENCE"|"store_sales"|"ss_wholesale_cost"|0|0|44|137360|44|26964|826194|"TableScan Impl: ColumnBetween ss_wholesale_cost BETWEEN INCLUSIVE 17 AND 37"
"33a6c8baa243ee1a"|"0x7f984d026cf0fcc94557d99bb608"|"0x7f984cee6bb05f8449a0afeaa45"|"NULL"|"REFERENCE"|"store_sales"|"ss_list_price"|0|0|44|137360|44|6194|522808|"TableScan Impl: ColumnBetween ss_list_price BETWEEN INCLUSIVE 122 AND 132"
"9ba0ff608aba8792"|"0x7f9850ac78f059b28839f085af02"|"0x7f9850ac7810c7ce9c5f648a8dd1"|"NULL"|"REFERENCE"|"store_sales"|"ss_item_sk"|0|0|44|27428|44|2196|1511623|"TableScan Impl: ColumnVsColumn ss_item_sk = sr_item_sk"
"9ba0ff608aba8792"|"0x7f9850ac78f059b28839f085af02"|"0x7f9850ac7810c7ce9c5f648a8dd1"|"NULL"|"REFERENCE"|"store_returns"|"sr_item_sk"|0|0|44|27428|44|2196|1511623|"TableScan Impl: ColumnVsColumn ss_item_sk = sr_item_sk"
"9ba0ff608aba8792"|"0x7f9850ac7810c7ce9c5f648a8dd1"|"0x7f9850ac77301e2058d0db2649c8"|"NULL"|"REFERENCE"|"store_sales"|"ss_customer_sk"|0|0|44|37114|44|27428|1577845|"TableScan Impl: ColumnVsColumn ss_customer_sk = sr_customer_sk"
"9ba0ff608aba8792"|"0x7f9850ac7810c7ce9c5f648a8dd1"|"0x7f9850ac77301e2058d0db2649c8"|"NULL"|"REFERENCE"|"store_returns"|"sr_customer_sk"|0|0|44|37114|44|27428|1577845|"TableScan Impl: ColumnVsColumn ss_customer_sk = sr_customer_sk"
"9ba0ff608aba8792"|"0x7f9850ac73b088c0e2851c6a9ea1"|"0x7f9850ac72d0bd79848fa42dca44"|"NULL"|"REFERENCE"|"date_dim"|"d_moy"|0|0|1|365|1|31|9417|"TableScan Impl: ColumnVsValue d_moy = 8"
"9ba0ff608aba8792"|"0x7f9850ac72d0bd79848fa42dca44"|"0x7f9850ac71f019cb0c858d2d2581"|"NULL"|"DATA"|"date_dim"|"d_year"|0|0|1|65535|1|365|80451|"TableScan Impl: ColumnVsValue d_year = 2001"
"24cc61038fcacf93"|"0x7f984d4ce1908750006e7a417746"|"0x7f984d4ce0b03dfdfe8800092124"|"NULL"|"REFERENCE"|"date_dim"|"d_moy"|0|0|1|365|1|30|8476|"TableScan Impl: ColumnVsValue d_moy = 11"
"24cc61038fcacf93"|"0x7f984d4ce0b03dfdfe8800092124"|"0x7f984d4cdfd019cb0c858d2d2581"|"NULL"|"DATA"|"date_dim"|"d_year"|0|0|1|65535|1|365|74804|"TableScan Impl: ColumnVsValue d_year = 1999"
"24cc61038fcacf93"|"0x7f984d4ce43070c86da53e1e3fe"|"0x7f984d4ce35015fd32f39a7e4695"|"NULL"|"DATA"|"item"|"i_manager_id"|0|0|1|18000|1|339|26339|"TableScan Impl: ColumnVsValue i_manager_id = 28"
"48102a81fee54f33"|"0x7f98561771506560ad9a6fae90df"|"0x7f9856177070c838eb92ec202637"|"NULL"|"REFERENCE"|"date_dim"|"d_moy"|0|0|1|1675|1|149|33544|"TableScan Impl: ColumnVsValue d_moy = 11"
"48102a81fee54f33"|"0x7f9856176dd097d13276b1507d84"|"0x7f9856176cf015fd32f39a7e4695"|"NULL"|"DATA"|"item"|"i_manufact_id"|0|0|1|18000|1|39|30448|"TableScan Impl: ColumnVsValue i_manufact_id = 128"
"901db9dd2feb2d10"|"0x7f984d4cf4d0798eb05dcc185e83"|"0x7f984d4cf770dd52548001e80cd1"|"NULL"|"REFERENCE"|"store_sales"|"ss_sales_price"|0|0|1|53996|1|115|694359|"TableScan Impl: ExpressionEvaluator SUM(ss_sales_price) <= 0.1 * AVG(SUM(ss_sales_price))"
"901db9dd2feb2d10"|"0x7f984d4cf4d0798eb05dcc185e83"|"0x7f984d4cf770dd52548001e80cd1"|"NULL"|"REFERENCE"|"store_sales"|"ss_sales_price"|0|0|1|53996|1|115|694359|"TableScan Impl: ExpressionEvaluator SUM(ss_sales_price) <= 0.1 * AVG(SUM(ss_sales_price))"
"901db9dd2feb2d10"|"0x7f984d4cfd908bcb9c477aec3256"|"0x7f984d4cfcb0a132be481c3e6fa6"|"NULL"|"DATA"|"date_dim"|"d_month_seq"|1|0|2|73049|1|365|93343|"TableScan Impl: ColumnBetween d_month_seq BETWEEN INCLUSIVE 1176 AND 1187"
"2e0ad00e44492b13"|"0x7f985617b67060b6fb7f3f29b600"|"0x7f984ceffff0c871974bd83ac355"|"NULL"|"DATA"|"customer_address"|"ca_county"|0|0|1|50000|1|459|6105207|"TableScan Impl: ExpressionEvaluator (ca_county) IN ('Rush County', 'Toole County', 'Jefferson County', 'Dona Ana County', 'La Porte County')"
"2e0ad00e44492b13"|"0x7f984cefc6301affe8b8a830fb45"|"0x7f984cf87f90b8cd02a6cbf6d152"|"NULL"|"REFERENCE"|"date_dim"|"d_moy"|0|0|1|365|1|120|24392|"TableScan Impl: ColumnBetween d_moy BETWEEN INCLUSIVE 1 AND 4"
"2e0ad00e44492b13"|"0x7f984cf87f90b8cd02a6cbf6d152"|"0x7f984ceff73019cb0c858d2d2581"|"NULL"|"DATA"|"date_dim"|"d_year"|0|0|1|65535|1|365|87735|"TableScan Impl: ColumnVsValue d_year = 2002"
"741bc3f2dfb09756"|"0x7f984d4d2250cdcf04de4e6290a3"|"0x7f984d674f70b47e098fd450f65c"|"NULL"|"REFERENCE"|"date_dim"|"d_dow"|0|0|3|1096|3|157|19480|"TableScan Impl: ColumnVsValue d_dow = 1"
"741bc3f2dfb09756"|"0x7f9852bd2570e6e0dc2a96c81b43"|"0x7f9852bd2490da1e19d59968ce9d"|"NULL"|"DATA"|"date_dim"|"d_year"|1|0|2|73049|1|365|77560|"TableScan Impl: ColumnVsValue d_year = 2001"
"741bc3f2dfb09756"|"0x7f9852bd2110a40fff7f3a166528"|"0x7f9852bd2490da1e19d59968ce9d"|"NULL"|"DATA"|"date_dim"|"d_year"|1|0|2|73049|1|366|78864|"TableScan Impl: ColumnVsValue d_year = 2000"
"741bc3f2dfb09756"|"0x7f9852bd22d0fd10827291b8233f"|"0x7f9852bd2490da1e19d59968ce9d"|"NULL"|"DATA"|"date_dim"|"d_year"|1|0|2|73049|1|365|68814|"TableScan Impl: ColumnVsValue d_year = 1999"
"741bc3f2dfb09756"|"0x7f984d4d287089316729baa1bb16"|"0x7f984d672270d9a4eba31272494b"|"NULL"|"REFERENCE"|"household_demographics"|"hd_dep_count"|0|0|1|7200|1|720|28489|"TableScan Impl: ColumnVsValue hd_dep_count = 6"
"741bc3f2dfb09756"|"0x7f984d4d2a30c4b7fc0ddca30704"|"0x7f984d672270d9a4eba31272494b"|"NULL"|"REFERENCE"|"household_demographics"|"hd_vehicle_count"|0|0|1|7200|1|2400|33655|"TableScan Impl: ColumnVsValue hd_vehicle_count > 2"
"741bc3f2dfb09756"|"0x7f984d7f7b70a03fe50d77dd259d"|"0x7f984d7f7a90f6d188b852b46809"|"NULL"|"DATA"|"store"|"s_number_employees"|0|0|1|12|1|11|16905|"TableScan Impl: ColumnBetween s_number_employees BETWEEN INCLUSIVE 200 AND 295"
"1c41ac70227eb819"|"0x7f984d7f8510ec625b810cbd9a39"|"0x7f984d7f85f0a132be481c3e6fa6"|"NULL"|"DATA"|"date_dim"|"d_year"|1|0|2|73049|1|366|83572|"TableScan Impl: ColumnVsValue d_year = 2000"
"1c41ac70227eb819"|"0x7f984d7f93f0894a8fa410a22bb2"|"0x7f984d7f9a10e47e28668c37717b"|"NULL"|"DATA"|"customer_address"|"ca_state"|0|0|1|50000|1|2446|76061|"TableScan Impl: ColumnVsValue ca_state = 'GA'"
"aecea1dd577191a6"|"0x7f984d3c049055ef555255e7e119"|"0x7f984d3c03b0af1d50aa2429d1a9"|"NULL"|"REFERENCE"|"web_sales"|"ws_item_sk"|0|0|1|142|1|7|287748|"TableScan Impl: ExpressionEvaluator ((cd_marital_status = 'S' AND (cd_education_status = 'College' AND ws_sales_price BETWEEN INCLUSIVE 50 AND 100)) OR ((cd_marital_status = 'W' AND (cd_education_status = '2 yr Degree' AND ws_sales_price BETWEEN INCLUSIVE 150 AND 200)) OR (ws_sales_price BETWEEN INCLUSIVE 100 AND 150 AND (cd_marital_status = 'M' AND cd_education_status = 'Advanced Degree')))) AND ws_item_sk = wr_item_sk"
"aecea1dd577191a6"|"0x7f984d3c049055ef555255e7e119"|"0x7f984d3c03b0af1d50aa2429d1a9"|"NULL"|"REFERENCE"|"web_returns"|"wr_item_sk"|0|0|1|142|1|7|287748|"TableScan Impl: ExpressionEvaluator ((cd_marital_status = 'S' AND (cd_education_status = 'College' AND ws_sales_price BETWEEN INCLUSIVE 50 AND 100)) OR ((cd_marital_status = 'W' AND (cd_education_status = '2 yr Degree' AND ws_sales_price BETWEEN INCLUSIVE 150 AND 200)) OR (ws_sales_price BETWEEN INCLUSIVE 100 AND 150 AND (cd_marital_status = 'M' AND cd_education_status = 'Advanced Degree')))) AND ws_item_sk = wr_item_sk"
"aecea1dd577191a6"|"0x7f984d3c049055ef555255e7e119"|"0x7f984d3c03b0af1d50aa2429d1a9"|"NULL"|"REFERENCE"|"customer_demographics"|"cd_marital_status"|0|0|1|142|1|7|287748|"TableScan Impl: ExpressionEvaluator ((cd_marital_status = 'S' AND (cd_education_status = 'College' AND ws_sales_price BETWEEN INCLUSIVE 50 AND 100)) OR ((cd_marital_status = 'W' AND (cd_education_status = '2 yr Degree' AND ws_sales_price BETWEEN INCLUSIVE 150 AND 200)) OR (ws_sales_price BETWEEN INCLUSIVE 100 AND 150 AND (cd_marital_status = 'M' AND cd_education_status = 'Advanced Degree')))) AND ws_item_sk = wr_item_sk"
"aecea1dd577191a6"|"0x7f984d3c049055ef555255e7e119"|"0x7f984d3c03b0af1d50aa2429d1a9"|"NULL"|"REFERENCE"|"customer_demographics"|"cd_education_status"|0|0|1|142|1|7|287748|"TableScan Impl: ExpressionEvaluator ((cd_marital_status = 'S' AND (cd_education_status = 'College' AND ws_sales_price BETWEEN INCLUSIVE 50 AND 100)) OR ((cd_marital_status = 'W' AND (cd_education_status = '2 yr Degree' AND ws_sales_price BETWEEN INCLUSIVE 150 AND 200)) OR (ws_sales_price BETWEEN INCLUSIVE 100 AND 150 AND (cd_marital_status = 'M' AND cd_education_status = 'Advanced Degree')))) AND ws_item_sk = wr_item_sk"
"aecea1dd577191a6"|"0x7f984d3c049055ef555255e7e119"|"0x7f984d3c03b0af1d50aa2429d1a9"|"NULL"|"REFERENCE"|"web_sales"|"ws_sales_price"|0|0|1|142|1|7|287748|"TableScan Impl: ExpressionEvaluator ((cd_marital_status = 'S' AND (cd_education_status = 'College' AND ws_sales_price BETWEEN INCLUSIVE 50 AND 100)) OR ((cd_marital_status = 'W' AND (cd_education_status = '2 yr Degree' AND ws_sales_price BETWEEN INCLUSIVE 150 AND 200)) OR (ws_sales_price BETWEEN INCLUSIVE 100 AND 150 AND (cd_marital_status = 'M' AND cd_education_status = 'Advanced Degree')))) AND ws_item_sk = wr_item_sk"
"aecea1dd577191a6"|"0x7f984d3c049055ef555255e7e119"|"0x7f984d3c03b0af1d50aa2429d1a9"|"NULL"|"REFERENCE"|"customer_demographics"|"cd_marital_status"|0|0|1|142|1|7|287748|"TableScan Impl: ExpressionEvaluator ((cd_marital_status = 'S' AND (cd_education_status = 'College' AND ws_sales_price BETWEEN INCLUSIVE 50 AND 100)) OR ((cd_marital_status = 'W' AND (cd_education_status = '2 yr Degree' AND ws_sales_price BETWEEN INCLUSIVE 150 AND 200)) OR (ws_sales_price BETWEEN INCLUSIVE 100 AND 150 AND (cd_marital_status = 'M' AND cd_education_status = 'Advanced Degree')))) AND ws_item_sk = wr_item_sk"
"aecea1dd577191a6"|"0x7f984d3c049055ef555255e7e119"|"0x7f984d3c03b0af1d50aa2429d1a9"|"NULL"|"REFERENCE"|"web_sales"|"ws_sales_price"|0|0|1|142|1|7|287748|"TableScan Impl: ExpressionEvaluator ((cd_marital_status = 'S' AND (cd_education_status = 'College' AND ws_sales_price BETWEEN INCLUSIVE 50 AND 100)) OR ((cd_marital_status = 'W' AND (cd_education_status = '2 yr Degree' AND ws_sales_price BETWEEN INCLUSIVE 150 AND 200)) OR (ws_sales_price BETWEEN INCLUSIVE 100 AND 150 AND (cd_marital_status = 'M' AND cd_education_status = 'Advanced Degree')))) AND ws_item_sk = wr_item_sk"
"aecea1dd577191a6"|"0x7f984d3c049055ef555255e7e119"|"0x7f984d3c03b0af1d50aa2429d1a9"|"NULL"|"REFERENCE"|"customer_demographics"|"cd_education_status"|0|0|1|142|1|7|287748|"TableScan Impl: ExpressionEvaluator ((cd_marital_status = 'S' AND (cd_education_status = 'College' AND ws_sales_price BETWEEN INCLUSIVE 50 AND 100)) OR ((cd_marital_status = 'W' AND (cd_education_status = '2 yr Degree' AND ws_sales_price BETWEEN INCLUSIVE 150 AND 200)) OR (ws_sales_price BETWEEN INCLUSIVE 100 AND 150 AND (cd_marital_status = 'M' AND cd_education_status = 'Advanced Degree')))) AND ws_item_sk = wr_item_sk"
"aecea1dd577191a6"|"0x7f984d3c049055ef555255e7e119"|"0x7f984d3c03b0af1d50aa2429d1a9"|"NULL"|"REFERENCE"|"web_sales"|"ws_sales_price"|0|0|1|142|1|7|287748|"TableScan Impl: ExpressionEvaluator ((cd_marital_status = 'S' AND (cd_education_status = 'College' AND ws_sales_price BETWEEN INCLUSIVE 50 AND 100)) OR ((cd_marital_status = 'W' AND (cd_education_status = '2 yr Degree' AND ws_sales_price BETWEEN INCLUSIVE 150 AND 200)) OR (ws_sales_price BETWEEN INCLUSIVE 100 AND 150 AND (cd_marital_status = 'M' AND cd_education_status = 'Advanced Degree')))) AND ws_item_sk = wr_item_sk"
"aecea1dd577191a6"|"0x7f984d3c049055ef555255e7e119"|"0x7f984d3c03b0af1d50aa2429d1a9"|"NULL"|"REFERENCE"|"customer_demographics"|"cd_marital_status"|0|0|1|142|1|7|287748|"TableScan Impl: ExpressionEvaluator ((cd_marital_status = 'S' AND (cd_education_status = 'College' AND ws_sales_price BETWEEN INCLUSIVE 50 AND 100)) OR ((cd_marital_status = 'W' AND (cd_education_status = '2 yr Degree' AND ws_sales_price BETWEEN INCLUSIVE 150 AND 200)) OR (ws_sales_price BETWEEN INCLUSIVE 100 AND 150 AND (cd_marital_status = 'M' AND cd_education_status = 'Advanced Degree')))) AND ws_item_sk = wr_item_sk"
"aecea1dd577191a6"|"0x7f984d3c049055ef555255e7e119"|"0x7f984d3c03b0af1d50aa2429d1a9"|"NULL"|"REFERENCE"|"customer_demographics"|"cd_education_status"|0|0|1|142|1|7|287748|"TableScan Impl: ExpressionEvaluator ((cd_marital_status = 'S' AND (cd_education_status = 'College' AND ws_sales_price BETWEEN INCLUSIVE 50 AND 100)) OR ((cd_marital_status = 'W' AND (cd_education_status = '2 yr Degree' AND ws_sales_price BETWEEN INCLUSIVE 150 AND 200)) OR (ws_sales_price BETWEEN INCLUSIVE 100 AND 150 AND (cd_marital_status = 'M' AND cd_education_status = 'Advanced Degree')))) AND ws_item_sk = wr_item_sk"
"aecea1dd577191a6"|"0x7f984d3bfaf02e9484b7509870c1"|"0x7f984d6714b07477eff91d10f5c1"|"NULL"|"REFERENCE"|"web_sales"|"ws_net_profit"|0|0|3|74|3|36|60137|"TableScan Impl: ColumnBetween ws_net_profit BETWEEN INCLUSIVE 150 AND 300"
"aecea1dd577191a6"|"0x7f984d3bf850b7c4075df5e7d9cb"|"0x7f984d3bf770bef1f5600bdf0762"|"NULL"|"REFERENCE"|"customer_address"|"ca_state"|0|0|1|229|1|41|27858|"TableScan Impl: ColumnVsValue ca_state = 'KY'"
"aecea1dd577191a6"|"0x7f984d3bf690c805178ca5a962d8"|"0x7f984d3bf5b0c550049bebb7a121"|"NULL"|"REFERENCE"|"customer_demographics"|"cd_education_status"|0|0|30|139|30|139|264845|"TableScan Impl: ColumnVsColumn cd_education_status = cd_education_status"
"aecea1dd577191a6"|"0x7f984d3bf690c805178ca5a962d8"|"0x7f984d3bf5b0c550049bebb7a121"|"NULL"|"REFERENCE"|"customer_demographics"|"cd_education_status"|0|0|30|139|30|139|264845|"TableScan Impl: ColumnVsColumn cd_education_status = cd_education_status"
"aecea1dd577191a6"|"0x7f984d3bf5b0c550049bebb7a121"|"0x7f984d3bf4d0f5d6eac6a951680f"|"NULL"|"REFERENCE"|"customer_demographics"|"cd_marital_status"|0|0|30|139|30|139|355448|"TableScan Impl: ColumnVsColumn cd_marital_status = cd_marital_status"
"aecea1dd577191a6"|"0x7f984d3bf5b0c550049bebb7a121"|"0x7f984d3bf4d0f5d6eac6a951680f"|"NULL"|"REFERENCE"|"customer_demographics"|"cd_marital_status"|0|0|30|139|30|139|355448|"TableScan Impl: ColumnVsColumn cd_marital_status = cd_marital_status"
"aecea1dd577191a6"|"0x7f984d3bd1d01df28f4175259ddd"|"0x7f984d3bd0108a69467c4fc0b969"|"NULL"|"REFERENCE"|"customer_demographics"|"cd_marital_status"|0|0|30|274400|30|54880|855519|"TableScan Impl: ColumnVsValue cd_marital_status = 'M'"
"aecea1dd577191a6"|"0x7f984d3bd0108a69467c4fc0b969"|"0x7f984d671a504b42a0f72fd95aac"|"NULL"|"REFERENCE"|"customer_demographics"|"cd_education_status"|0|0|30|1920800|30|274400|3792313|"TableScan Impl: ColumnVsValue cd_education_status = 'Advanced Degree'"
"aecea1dd577191a6"|"0x7f984d3bd39046812064b6ddd879"|"0x7f984d3bd2b032801262ffaec5de"|"NULL"|"REFERENCE"|"customer_demographics"|"cd_marital_status"|0|0|30|274400|30|54880|704376|"TableScan Impl: ColumnVsValue cd_marital_status = 'S'"
"aecea1dd577191a6"|"0x7f984d3bd2b032801262ffaec5de"|"0x7f984d671a504b42a0f72fd95aac"|"NULL"|"REFERENCE"|"customer_demographics"|"cd_education_status"|0|0|30|1920800|30|274400|3457839|"TableScan Impl: ColumnVsValue cd_education_status = 'College'"
"aecea1dd577191a6"|"0x7f984d3bd550ecb1ee283506e24f"|"0x7f984d3bd4701580e978b8b886ca"|"NULL"|"REFERENCE"|"customer_demographics"|"cd_marital_status"|0|0|30|274400|30|54880|707790|"TableScan Impl: ColumnVsValue cd_marital_status = 'W'"
"aecea1dd577191a6"|"0x7f984d3bd4701580e978b8b886ca"|"0x7f984d671a504b42a0f72fd95aac"|"NULL"|"REFERENCE"|"customer_demographics"|"cd_education_status"|0|0|30|1920800|30|274400|3444836|"TableScan Impl: ColumnVsValue cd_education_status = '2 yr Degree'"
"aecea1dd577191a6"|"0x7f984d3bda9049700b752f150c3f"|"0x7f984d3bd9b0e6105de19073388a"|"NULL"|"REFERENCE"|"customer_address"|"ca_state"|0|0|1|48475|1|317|67503|"TableScan Impl: ColumnVsValue ca_state = 'NJ'"
"aecea1dd577191a6"|"0x7f984d3bd9b0e6105de19073388a"|"0x7f984e579a501a86380fd316bc17"|"NULL"|"REFERENCE"|"customer_address"|"ca_country"|0|0|1|50000|1|48475|352300|"TableScan Impl: ColumnVsValue ca_country = 'United States'"
"aecea1dd577191a6"|"0x7f984d3bdb704313c44ed2bb8099"|"0x7f984d3bd9b0e6105de19073388a"|"NULL"|"REFERENCE"|"customer_address"|"ca_state"|0|0|1|48475|1|1330|81139|"TableScan Impl: ColumnVsValue ca_state = 'OH'"
"aecea1dd577191a6"|"0x7f984d3bdc50f86b3059fd08ec"|"0x7f984d3bd9b0e6105de19073388a"|"NULL"|"REFERENCE"|"customer_address"|"ca_state"|0|0|1|48475|1|1372|82710|"TableScan Impl: ColumnVsValue ca_state = 'IN'"
"aecea1dd577191a6"|"0x7f984d3bdd3053e981690b2120ef"|"0x7f984d3bd9b0e6105de19073388a"|"NULL"|"REFERENCE"|"customer_address"|"ca_state"|0|0|1|48475|1|1911|87035|"TableScan Impl: ColumnVsValue ca_state = 'KY'"
"aecea1dd577191a6"|"0x7f984d3bde109443bc732fdee896"|"0x7f984d3bd9b0e6105de19073388a"|"NULL"|"REFERENCE"|"customer_address"|"ca_state"|0|0|1|48475|1|126|56002|"TableScan Impl: ColumnVsValue ca_state = 'CT'"
"aecea1dd577191a6"|"0x7f984d3bdef0c42f4ad259d180c1"|"0x7f984d3bd9b0e6105de19073388a"|"NULL"|"REFERENCE"|"customer_address"|"ca_state"|0|0|1|48475|1|1034|73630|"TableScan Impl: ColumnVsValue ca_state = 'WI'"
"aecea1dd577191a6"|"0x7f984d3bdfd059989e959aaa0765"|"0x7f984d3bd9b0e6105de19073388a"|"NULL"|"REFERENCE"|"customer_address"|"ca_state"|0|0|1|48475|1|1535|84110|"TableScan Impl: ColumnVsValue ca_state = 'IA'"
"aecea1dd577191a6"|"0x7f984d3be0b08ac3c4f9c398792a"|"0x7f984d3bd9b0e6105de19073388a"|"NULL"|"REFERENCE"|"customer_address"|"ca_state"|0|0|1|48475|1|1121|75224|"TableScan Impl: ColumnVsValue ca_state = 'AR'"
"aecea1dd577191a6"|"0x7f984d3be190a01762c303b0889"|"0x7f984d3bd9b0e6105de19073388a"|"NULL"|"REFERENCE"|"customer_address"|"ca_state"|0|0|1|48475|1|802|69421|"TableScan Impl: ColumnVsValue ca_state = 'LA'"
"aecea1dd577191a6"|"0x7f984d3bef907e20c27cb4ca359b"|"0x7f984d3beeb05fe2270f814b8776"|"NULL"|"REFERENCE"|"web_sales"|"ws_net_profit"|0|0|11|142166|11|4963|514873|"TableScan Impl: ColumnBetween ws_net_profit BETWEEN INCLUSIVE 100 AND 200"
"aecea1dd577191a6"|"0x7f984d3beb30ec625b810cbd9a39"|"0x7f984d3bea50a132be481c3e6fa6"|"NULL"|"DATA"|"date_dim"|"d_year"|1|0|2|73049|1|366|90771|"TableScan Impl: ColumnVsValue d_year = 2000"
"aecea1dd577191a6"|"0x7f984d3bf070539c6a43352b96ba"|"0x7f984d3beeb05fe2270f814b8776"|"NULL"|"REFERENCE"|"web_sales"|"ws_net_profit"|0|0|11|142166|11|6110|407877|"TableScan Impl: ColumnBetween ws_net_profit BETWEEN INCLUSIVE 150 AND 300"
"aecea1dd577191a6"|"0x7f984d3bf15073a8a946c6698a7e"|"0x7f984d3beeb05fe2270f814b8776"|"NULL"|"REFERENCE"|"web_sales"|"ws_net_profit"|0|0|11|142166|11|10435|520829|"TableScan Impl: ColumnBetween ws_net_profit BETWEEN INCLUSIVE 50 AND 250"
"aecea1dd577191a6"|"0x7f984d3bf9302453d9b4f3a6aaff"|"0x7f984d3bf770bef1f5600bdf0762"|"NULL"|"REFERENCE"|"customer_address"|"ca_state"|0|0|1|229|1|7|14275|"TableScan Impl: ColumnVsValue ca_state = 'CT'"
"aecea1dd577191a6"|"0x7f984d3bfa1058151ccb7bf1b998"|"0x7f984d3bf770bef1f5600bdf0762"|"NULL"|"REFERENCE"|"customer_address"|"ca_state"|0|0|1|229|1|26|16097|"TableScan Impl: ColumnVsValue ca_state = 'WI'"
"aecea1dd577191a6"|"0x7f984d3bfe70785e7753d8034bbc"|"0x7f984d67213060a07eaf3c7b3e2d"|"NULL"|"REFERENCE"|"web_sales"|"ws_net_profit"|0|0|3|78|3|71|54019|"TableScan Impl: ColumnBetween ws_net_profit BETWEEN INCLUSIVE 50 AND 250"
"aecea1dd577191a6"|"0x7f984d3bfbd07243b3359968f3f9"|"0x7f984d3bf770bef1f5600bdf0762"|"NULL"|"REFERENCE"|"customer_address"|"ca_state"|0|0|1|229|1|27|16841|"TableScan Impl: ColumnVsValue ca_state = 'IA'"
"aecea1dd577191a6"|"0x7f984d3bfcb0b742d06eec4bcabd"|"0x7f984d3bf770bef1f5600bdf0762"|"NULL"|"REFERENCE"|"customer_address"|"ca_state"|0|0|1|229|1|36|14717|"TableScan Impl: ColumnVsValue ca_state = 'AR'"
"aecea1dd577191a6"|"0x7f984d3bfd90445f98c829376328"|"0x7f984d3bf770bef1f5600bdf0762"|"NULL"|"REFERENCE"|"customer_address"|"ca_state"|0|0|1|229|1|15|14139|"TableScan Impl: ColumnVsValue ca_state = 'LA'"
"aecea1dd577191a6"|"0x7f984d3c01f0ed5d81a711499566"|"0x7f984d672b3013e6ffc748d96399"|"NULL"|"REFERENCE"|"web_sales"|"ws_net_profit"|0|0|3|77|3|35|51947|"TableScan Impl: ColumnBetween ws_net_profit BETWEEN INCLUSIVE 100 AND 200"
"aecea1dd577191a6"|"0x7f984d3bff506263fd5d72c28edc"|"0x7f984d3bf770bef1f5600bdf0762"|"NULL"|"REFERENCE"|"customer_address"|"ca_state"|0|0|1|229|1|9|16056|"TableScan Impl: ColumnVsValue ca_state = 'NJ'"
"aecea1dd577191a6"|"0x7f984d3c00302de121915be17c79"|"0x7f984d3bf770bef1f5600bdf0762"|"NULL"|"REFERENCE"|"customer_address"|"ca_state"|0|0|1|229|1|37|14670|"TableScan Impl: ColumnVsValue ca_state = 'OH'"
"aecea1dd577191a6"|"0x7f984d3c011093e619ba237e6a66"|"0x7f984d3bf770bef1f5600bdf0762"|"NULL"|"REFERENCE"|"customer_address"|"ca_state"|0|0|1|229|1|31|14511|"TableScan Impl: ColumnVsValue ca_state = 'IN'"
"c86892b6d2937a1c"|"0x7f984f8cc290d81bf913a0288d14"|"0x7f984f8cc1b06493ca07f8ba2be"|"NULL"|"REFERENCE"|"date_dim"|"d_moy"|0|0|1|365|1|30|11736|"TableScan Impl: ColumnVsValue d_moy = 11"
"c86892b6d2937a1c"|"0x7f984f8cc1b06493ca07f8ba2be"|"0x7f984f8cc0d019cb0c858d2d2581"|"NULL"|"DATA"|"date_dim"|"d_year"|0|0|1|65535|1|365|85967|"TableScan Impl: ColumnVsValue d_year = 1998"
"c86892b6d2937a1c"|"0x7f9852bd5d70a0173fd02ab3de14"|"0x7f984f8ca690c4985ba0dd61e5ed"|"NULL"|"REFERENCE"|"customer_demographics"|"cd_marital_status"|0|0|30|274400|30|54880|822920|"TableScan Impl: ColumnVsValue cd_marital_status = 'M'"
"c86892b6d2937a1c"|"0x7f984f8ca690c4985ba0dd61e5ed"|"0x7f984ffe60704b42a0f72fd95aac"|"NULL"|"REFERENCE"|"customer_demographics"|"cd_education_status"|0|0|30|1920800|30|274400|3568432|"TableScan Impl: ColumnVsValue cd_education_status = 'Unknown'"
"c86892b6d2937a1c"|"0x7f9852bd5f303fc676dcc25bdd18"|"0x7f9852bd5e508a69467c4fc0b969"|"NULL"|"REFERENCE"|"customer_demographics"|"cd_marital_status"|0|0|30|274400|30|54880|635806|"TableScan Impl: ColumnVsValue cd_marital_status = 'W'"
"c86892b6d2937a1c"|"0x7f9852bd5e508a69467c4fc0b969"|"0x7f984ffe60704b42a0f72fd95aac"|"NULL"|"REFERENCE"|"customer_demographics"|"cd_education_status"|0|0|30|1920800|30|274400|3375854|"TableScan Impl: ColumnVsValue cd_education_status = 'Advanced Degree'"
"c86892b6d2937a1c"|"0x7f984f8cc370c3a1108aea60bf01"|"0x7f984f8cc6101469ed734866f157"|"NULL"|"DATA"|"customer_address"|"ca_gmt_offset"|0|0|1|50000|1|5449|95422|"TableScan Impl: ColumnVsValue ca_gmt_offset = -7"
"c86892b6d2937a1c"|"0x7f9852bd5c909ebcf9c91e5478bb"|"0x7f984f8cbff06fbbd30a6df4bd0a"|"NULL"|"DATA"|"household_demographics"|"hd_buy_potential"|0|0|1|7200|1|1200|26814|"TableScan Impl: ColumnBetween hd_buy_potential BETWEEN UPPER EXCLUSIVE 'Unknown' AND 'Unknowo'"
"c3eb0f228a4c62a1"|"0x7f984d195fb011cc34227d27f59e"|"0x7f984d124c50ad54fb7925493387"|"NULL"|"REFERENCE"|"item"|"i_manufact"|0|0|1|239|1|4|43402626|"TableScan Impl: ExpressionEvaluator SUBQUERY (PQP, 0x7f9850afb590) > 0"
"c3eb0f228a4c62a1"|"0x7f984d195c309aea2281a31aa188"|"0x7f984d195b50cd36aa1f1b0f52e8"|"NULL"|"DATA"|"item"|"i_manufact_id"|0|0|1|18000|1|239|38969|"TableScan Impl: ColumnBetween i_manufact_id BETWEEN INCLUSIVE 738 AND 778"
"65cf99f6be86c7f4"|"0x7f984d7fd9f0fa474f72d45d65c5"|"0x7f984dc5d470e55e1a3f9619f645"|"NULL"|"DATA"|"reason"|"r_reason_desc"|0|0|1|35|1|1|40206|"TableScan Impl: ColumnVsValue r_reason_desc = 'reason 28'"
"77eb7251971f23d"|"0x7f98561790d095d99300e4e6c048"|"0x7f9856178ff08a064e2d00089ffa"|"NULL"|"DATA"|"reason"|"r_reason_sk"|0|0|1|35|1|1|56507|"TableScan Impl: ColumnVsValue r_reason_sk = 1"
"e045c72cfee071ed"|"0x7f984dc5d010c8cf8ee0f63c48c1"|"0x7f984d7fdad0a132be481c3e6fa6"|"NULL"|"DATA"|"date_dim"|"d_month_seq"|1|0|2|73049|1|366|100307|"TableScan Impl: ColumnBetween d_month_seq BETWEEN INCLUSIVE 1200 AND 1211"
"8a500b8350e13fe5"|"0x7f984dc60ff0c8cf8ee0f63c48c1"|"0x7f984dc60f10a132be481c3e6fa6"|"NULL"|"DATA"|"date_dim"|"d_month_seq"|1|0|2|73049|1|366|111934|"TableScan Impl: ColumnBetween d_month_seq BETWEEN INCLUSIVE 1200 AND 1211"
